{
    "search_metadata": {
        "id": "65ef2dff2236e28d800c1ff5",
        "status": "Success",
        "json_endpoint": "https://serpapi.com/searches/f3ac24a8377f2625/65ef2dff2236e28d800c1ff5.json",
        "created_at": "2024-03-11 16:14:55 UTC",
        "processed_at": "2024-03-11 16:14:55 UTC",
        "yelp_reviews_url": "https://www.yelp.com/biz/xakTfx650TBYn3IALjPZDg?",
        "raw_html_file": "https://serpapi.com/searches/f3ac24a8377f2625/65ef2dff2236e28d800c1ff5.html",
        "prettify_html_file": "https://serpapi.com/searches/f3ac24a8377f2625/65ef2dff2236e28d800c1ff5.prettify",
        "total_time_taken": 2.88
    },
    "search_parameters": {
        "engine": "yelp_reviews",
        "start": 0,
        "num": "50",
        "place_id": "xakTfx650TBYn3IALjPZDg"
    },
    "search_information": {
        "total_results": 318,
        "business": "Mukja Korean Fried Chicken"
    },
    "review_languages": [
        {
            "hl": "en",
            "count": 318
        }
    ],
    "reviews": [
        {
            "user": {
                "name": "Danny P.",
                "user_id": "teriBFu_Ft0Ky2VFkfdnxQ",
                "link": "https://www.yelp.com/user_details?userid=teriBFu_Ft0Ky2VFkfdnxQ",
                "address": "Roswell, GA",
                "friends": 0,
                "photos": 0,
                "reviews": 1
            },
            "comment": {
                "text": "Forget everything you thought you knew about fried chicken. Mukja isn't just serving up clucking good food; they're orchestrating a symphony of flavor that will have your taste buds in another world.\n\nThe real stars of the show are the chickens, each piece a crispy, golden masterpiece. Gone are the days of greasy, soggy mediocrity. Their double-frying technique creates a shatteringly perfect crust that yields to reveal juicy, tender meat inside. But the magic doesn't stop there. Their selection of sauces is like a flavor explosion in your mouth. The classic soy garlic is a sweet and savory dream, while the spicy marinade sends your taste buds on a thrilling rollercoaster ride.\n\nBut Mukja isn't just about the chicken (although, let's be honest, it could be). Their sides are an ode to Korean culinary delights. Kimchi mac and cheese, is the ideal counterpoint to the richness of the chicken. \n\nAnd let's not forget the service! The staff is as friendly and welcoming. They're happy to answer your questions, guide you through the menu, and ensure your experience is nothing short of delightful.\n\nWhether you're a seasoned Korean food aficionado or a curious newbie, Mukja is a must-try. It's the perfect spot for a casual weeknight dinner, a fun gathering with friends, or even a date night. Just be warned: one bite, and you'll be hooked!",
                "language": "en"
            },
            "date": "2024-02-19T18:47:46Z",
            "rating": 5,
            "feedback": {
                "useful": 0,
                "funny": 0,
                "cool": 0
            }
        },
        {
            "user": {
                "name": "Ayesha L.",
                "user_id": "UfSrenGA8sVFkIm5yrivvg",
                "link": "https://www.yelp.com/user_details?userid=UfSrenGA8sVFkIm5yrivvg",
                "thumbnail": "https://s3-media0.fl.yelpcdn.com/photo/dCvFyzE2sbh8ZvK7swuW-A/180s.jpg",
                "address": "Atlanta, GA",
                "friends": 204,
                "photos": 5,
                "reviews": 15
            },
            "comment": {
                "text": "My son loved this place for me if I get the Bird On a Bun again I will get the Comeback Sauce on the side as they tend to drench the sandwich in it. Overall if you like Crispy chicken then this place is a 8/10!\n\nWe went to closing during the week this time and were reminded by the cashier that the dining room would be closing in 40 minutes and the restaurant in an hour and we would have to leave, I was confused and had to ask if our food would come out before then and she informed us that the food would be out in ten minutes but she likes to let people know.",
                "language": "en"
            },
            "date": "2023-12-08T15:19:15Z",
            "rating": 5,
            "feedback": {
                "useful": 0,
                "funny": 0,
                "cool": 0
            }
        },
        {
            "user": {
                "name": "Victoria R.",
                "user_id": "XrgcHURVAe_wys_jdweKLw",
                "link": "https://www.yelp.com/user_details?userid=XrgcHURVAe_wys_jdweKLw",
                "thumbnail": "https://s3-media0.fl.yelpcdn.com/photo/r_ovts88TopiAyYPavwNKQ/180s.jpg",
                "address": "Atlanta, GA",
                "friends": 50,
                "photos": 185,
                "reviews": 229,
                "elite_year": 24
            },
            "comment": {
                "text": "The Korean fried chicken was   \nThe crunch, juiciness, seasoning, the size. \nI loved the Korean Sweet Heat sauce to dip the chicken and fries in. \nThe fries were very tasty, salty and crispy. \n\nThe Mac & Cheese was not tasty at all but I'm sure someone would like it. \n\nThe menu is simplistic. I appreciated the sauce being on the side versus cooked in. \n\nAmbiance was nothing special but I appreciate the cleanliness and simplicity.",
                "language": "en"
            },
            "date": "2024-01-08T02:43:37Z",
            "rating": 4,
            "tags": [
                "1 photo"
            ],
            "photos": [
                {
                    "link": "https://s3-media0.fl.yelpcdn.com/bphoto/LbjxIFCbJSoPpq5Ye--0uQ/o.jpg"
                }
            ],
            "feedback": {
                "useful": 0,
                "funny": 0,
                "cool": 0
            }
        },
        {
            "user": {
                "name": "David N.",
                "user_id": "vfenCQvHiALkyUwZBfdqDA",
                "link": "https://www.yelp.com/user_details?userid=vfenCQvHiALkyUwZBfdqDA",
                "thumbnail": "https://s3-media0.fl.yelpcdn.com/photo/WbIOUg4vsyGUA92zU15ZJw/180s.jpg",
                "address": "Erie, CO",
                "friends": 92,
                "photos": 130,
                "reviews": 230,
                "elite_year": 24
            },
            "comment": {
                "text": "Wow the fried chicken was amazing. It was rich, crispy, and moist. I was expecting some degree of dryness but there was none.\n\nTheir Mukja bowl was also quite good and was a good balance of flavors.\n\nOnly complaint was the mac and cheese. The kimchi and Mac and cheese was not a good combo",
                "language": "en"
            },
            "date": "2023-11-23T23:42:39Z",
            "rating": 5,
            "feedback": {
                "useful": 0,
                "funny": 0,
                "cool": 0
            }
        },
        {
            "user": {
                "name": "Mz. 5star B.",
                "user_id": "6ZoFswNbP-ErzcCNInF1QA",
                "link": "https://www.yelp.com/user_details?userid=6ZoFswNbP-ErzcCNInF1QA",
                "thumbnail": "https://s3-media0.fl.yelpcdn.com/photo/gThxi6PkbwWjViak9gxixg/180s.jpg",
                "address": "Atlanta, GA",
                "friends": 0,
                "photos": 0,
                "reviews": 6
            },
            "comment": {
                "text": "Fast service, good service,  good location...they need more locations. I love that damn chicken sandwich.",
                "language": "en"
            },
            "date": "2024-03-05T14:33:52Z",
            "rating": 5,
            "feedback": {
                "useful": 0,
                "funny": 0,
                "cool": 0
            }
        },
        {
            "user": {
                "name": "Angela G.",
                "user_id": "Xf9O157EJQTziwzNEAhsOw",
                "link": "https://www.yelp.com/user_details?userid=Xf9O157EJQTziwzNEAhsOw",
                "thumbnail": "https://s3-media0.fl.yelpcdn.com/photo/OreIlxMOJMctvi4dz8yXlg/180s.jpg",
                "address": "Austin, TX",
                "friends": 72,
                "photos": 68,
                "reviews": 161,
                "elite_year": 24
            },
            "comment": {
                "text": "I got their wings with two sauces, the sweet chili and the soy garlic. The wings were extremely crispy and had a great crunch, but were on the small side.\nThe Loaded fries was tasty and had a great balance of toppings and textures. The corn cheese was not my cup of tea, the cheese was a bit congealed. Overall, if you're craving Korean fried chicken, would recommend.",
                "language": "en"
            },
            "date": "2023-11-26T03:02:27Z",
            "rating": 4,
            "feedback": {
                "useful": 0,
                "funny": 0,
                "cool": 0
            }
        },
        {
            "user": {
                "name": "Johnny Y.",
                "user_id": "olLL4rSOwJcYn--fGisiFA",
                "link": "https://www.yelp.com/user_details?userid=olLL4rSOwJcYn--fGisiFA",
                "thumbnail": "https://s3-media0.fl.yelpcdn.com/photo/n9lH54LU1Kso8nMkUiV84A/180s.jpg",
                "address": "Fresh Meadows, NY",
                "friends": 630,
                "photos": 2483,
                "reviews": 747,
                "elite_year": 24
            },
            "comment": {
                "text": "Not sure if it's cause of delivery... But for the price I'd paid. You would expect this meal to be bigger portions? \n\nI felt like the value just isn't there. If it was solely base on their technique and gave a different type of flavors compared to many fried chicken spots. I would've been okay with that, sadly it wasn't. \n\nThe chicken was sadly dry and the mini sides were easily forgettable. \n\nHopefully if we choose this next time around with our company. It'll be better.",
                "language": "en"
            },
            "date": "2023-06-28T13:50:43Z",
            "rating": 2,
            "tags": [
                "1 photo"
            ],
            "photos": [
                {
                    "link": "https://s3-media0.fl.yelpcdn.com/bphoto/XLx5rNNhNZofdh5zrcIu8A/o.jpg",
                    "caption": "Quarter Bird combo"
                }
            ],
            "feedback": {
                "useful": 0,
                "funny": 0,
                "cool": 0
            }
        },
        {
            "user": {
                "name": "Sharita B.",
                "user_id": "hZR4ps3S3FDkB-dSDvg44w",
                "link": "https://www.yelp.com/user_details?userid=hZR4ps3S3FDkB-dSDvg44w",
                "thumbnail": "https://s3-media0.fl.yelpcdn.com/photo/PLuJSLyvqn2QZmd5--q2Rw/180s.jpg",
                "address": "Roswell, GA",
                "friends": 7,
                "photos": 96,
                "reviews": 22
            },
            "comment": {
                "text": "It was my first time trying something like this. It was different yet tasty and a bit on the spicy side. \n\nIf I were a spice girl, this place would definitely be at the top of my list! However, I'm not but I still forged through. The flavors are yummy and a, I would have never thought of this but surprisingly, it works!\n\nThe space coming in was cool too, very modern chic. Unfortunately, on the day that I went the staff there wasn't as helpful. In a place so unique like this,  it is imperative that someone greets you and when you tell them that you've never been here before, give you insight on what's in store and maybe offer suggestions. That didn't happen at all,  it was more so, please know what you want before ordering because I don't have the patience or willingness to assist.\n\nOutside of that (which is a big thing because if anyone has read my reviews we all know that friendly staff is major on my list of feeling like me and my money is appreciated and for whether or not I'll return, share and invite others since I always have family and friends coming into town. \n\nNow although I live about 20 plus minutes away, I still wouldn't mind giving them another try with someone who has a palette for their food combinations. Meaning I'm willing to refer and bring someone else there to give them a chance to\n experience it.\n\nUntil next time, enjoy the food pics below.",
                "language": "en"
            },
            "date": "2023-10-06T19:36:41Z",
            "rating": 4,
            "tags": [
                "1 photo"
            ],
            "photos": [
                {
                    "link": "https://s3-media0.fl.yelpcdn.com/bphoto/ElMVUSy4xUHNyVt1MUcBTg/o.jpg",
                    "caption": "Mac & Cheese Fries w/ Comeback Sauce Korean Slaw"
                }
            ],
            "feedback": {
                "useful": 0,
                "funny": 0,
                "cool": 1
            }
        },
        {
            "user": {
                "name": "Jenny F.",
                "user_id": "bQyWsb5nLZk7pm_UitkVRg",
                "link": "https://www.yelp.com/user_details?userid=bQyWsb5nLZk7pm_UitkVRg",
                "thumbnail": "https://s3-media0.fl.yelpcdn.com/photo/U2FvQIF65c08ZJgKVy1Yng/180s.jpg",
                "address": "Atlanta, GA",
                "friends": 174,
                "photos": 136,
                "reviews": 78,
                "elite_year": 24
            },
            "comment": {
                "text": "Went to Mukja for the first time for lunch today. I had the wings which I thought were very good. Super crispy and crunchy, just the way I like them. My husband had the bird on a bun and he said it was just ok. I didn't try it. We had the cheesy corn and it wasn't very good. Also the Korean slaw was good but a bit too spicy for my taste but if you like spicy you'll probably love it. The inside is pretty cool with the murals. The soda machine was basically out of all of the drinks my husband and I would have preferred. And just a heads up it's a cashless business. Overall it was just an OK dining experience.",
                "language": "en"
            },
            "date": "2023-08-13T18:30:06Z",
            "rating": 3,
            "tags": [
                "2 photos"
            ],
            "photos": [
                {
                    "link": "https://s3-media0.fl.yelpcdn.com/bphoto/2BsDRRX7uauwqI35UI6Ycw/o.jpg",
                    "caption": "Wings"
                },
                {
                    "link": "https://s3-media0.fl.yelpcdn.com/bphoto/IuTlIhSwWdR8Pp7JqCE_yg/o.jpg",
                    "caption": "Bird on a Bun"
                }
            ],
            "feedback": {
                "useful": 1,
                "funny": 0,
                "cool": 0
            }
        },
        {
            "user": {
                "name": "Joy C.",
                "user_id": "WYwnNhSqFiuHCVrBWkeKTw",
                "link": "https://www.yelp.com/user_details?userid=WYwnNhSqFiuHCVrBWkeKTw",
                "thumbnail": "https://s3-media0.fl.yelpcdn.com/photo/KXhEUeKXRUPzqaRcNYwvaA/180s.jpg",
                "address": "Atlanta, GA",
                "friends": 34,
                "photos": 177,
                "reviews": 150,
                "elite_year": 24
            },
            "comment": {
                "text": "This is a hidden gem in Midtown, let's discuss! \n\nLocation and Parking \nMukja is located in the Metropolis building in Midtown, next to Sweet Hut. They validate parking for 2 hours in the Metropolis deck. \n\nVenue and Atmosphere \nThe decor is sleek, simple, and clean. You order at the counter and wait for your food. They have a Coca-Cola Freestyle machine (win!) as well as canned alcoholic beverages. \n\nService \nThe employees were kind, professional, and helpful. Food was served promptly. \n\nFood and Beverages \nMy date and I shared the wings, mac and cheese, tofu rice bowl, and Korean Slaw. I will say the mac and cheese was very creamy and flavorful; it was mixed with kimchi. Restaurant mac and cheese can be hit or miss and this was surprisingly good. The wings were well seasoned and crispy. The Korean slaw is plain and requires sauce; the soy garlic and sweet heat mixed well. The tofu rice ball was also delish; I don't usually eat tofu so I don't have a comparison point for the flavor, but I did enjoy it. My only complaint is that the Freestyle drink machine was missing several flavors... I was craving an Arnold Palmer with peach lemonade lol. \n\nVerdict \nI will certainly be back to try their signature bird on a bun\u00a0fried chicken sandwich!",
                "language": "en"
            },
            "date": "2023-08-24T21:53:35Z",
            "rating": 5,
            "feedback": {
                "useful": 0,
                "funny": 0,
                "cool": 0
            }
        },
        {
            "user": {
                "name": "Tiffany L.",
                "user_id": "6EgGeJ4gIm82n1t0jRkvSA",
                "link": "https://www.yelp.com/user_details?userid=6EgGeJ4gIm82n1t0jRkvSA",
                "thumbnail": "https://s3-media0.fl.yelpcdn.com/photo/aspqaSj0bjD7ZJBpUqp4YA/180s.jpg",
                "address": "New York, NY",
                "friends": 19,
                "photos": 232,
                "reviews": 93,
                "elite_year": 24
            },
            "comment": {
                "text": "This is a great fast casual korean fried chicken spot. We got a half bird which comes with 3 sides and pickled radish! The server at the counter was welcoming and order came out pretty quick. There were many tables and chairs even around dinner time.\n\nThe bird was a mixed of white and dark meat but didn't taste dry. They had awesome Korean slaw salad with a strong taste of gochujang, kimchi mac and cheese with Gouda and cheese corn!\n\nOverall, this is a great spot for a quick bite and fusion flavors!",
                "language": "en"
            },
            "date": "2022-12-27T01:52:48Z",
            "rating": 5,
            "tags": [
                "2 photos"
            ],
            "photos": [
                {
                    "link": "https://s3-media0.fl.yelpcdn.com/bphoto/nsy_0h4gSxMdfdCmu1AhPg/o.jpg",
                    "caption": "Pickled radish, Korean slaw, cheese corn, kimchi Mac & Cheese and Half Bird"
                },
                {
                    "link": "https://s3-media0.fl.yelpcdn.com/bphoto/KM2_FHRS1fTZ0IC4tBcvFg/o.jpg",
                    "caption": "Half Bird & sides"
                }
            ],
            "feedback": {
                "useful": 2,
                "funny": 0,
                "cool": 2
            }
        },
        {
            "user": {
                "name": "Christina P.",
                "user_id": "KlMoX9KXraD2Pekcyj-Mhw",
                "link": "https://www.yelp.com/user_details?userid=KlMoX9KXraD2Pekcyj-Mhw",
                "thumbnail": "https://s3-media0.fl.yelpcdn.com/photo/6QkYW5HDOJkeb32z94N85Q/180s.jpg",
                "address": "Boston, MA",
                "friends": 15,
                "photos": 309,
                "reviews": 105,
                "elite_year": 24
            },
            "comment": {
                "text": "The service was good, there's a lot of seating in the place with a casual vibe. The fries were a bit cold, but still crispy, the chicken batter was really well seasoned but kept slipping off of the chicken with every bite. I got the hot honey, and it had a good kick that wasn't too overpowering for the honey sweetness. The batter was good, just annoying biting into. Would come here again to try the other flavors !",
                "language": "en"
            },
            "date": "2023-08-20T20:06:51Z",
            "rating": 4,
            "tags": [
                "1 photo"
            ],
            "photos": [
                {
                    "link": "https://s3-media0.fl.yelpcdn.com/bphoto/TzVJ6TujfNqfg52GE-rleA/o.jpg",
                    "caption": "Hot Honey Small with fries"
                }
            ],
            "feedback": {
                "useful": 0,
                "funny": 0,
                "cool": 0
            }
        },
        {
            "user": {
                "name": "Kevin M.",
                "user_id": "tm7Bmg6lGfkaz1HE05zmmA",
                "link": "https://www.yelp.com/user_details?userid=tm7Bmg6lGfkaz1HE05zmmA",
                "thumbnail": "https://s3-media0.fl.yelpcdn.com/photo/9Z0yMwUUHLrMaxwaXBriTw/180s.jpg",
                "address": "Sandy Springs, GA",
                "friends": 0,
                "photos": 24,
                "reviews": 20,
                "elite_year": 24
            },
            "comment": {
                "text": "Phenomenal, super crispy wings, tasty sauce, and crunchy fries. The ambience is definitely cool too for a casual meal- murals, photos, and mellow hip hop playing made for a great time as we enjoyed the best wings I have had in Atlanta!",
                "language": "en"
            },
            "date": "2023-08-13T20:54:50Z",
            "rating": 5,
            "tags": [
                "3 photos"
            ],
            "photos": [
                {
                    "link": "https://s3-media0.fl.yelpcdn.com/bphoto/Mqg_aUNYvQf35Pr6qvcD_g/o.jpg",
                    "caption": "Vibe, ambience"
                },
                {
                    "link": "https://s3-media0.fl.yelpcdn.com/bphoto/kM3glhtK5B0IsA3G9JJPzw/o.jpg",
                    "caption": "Chicken Wings"
                },
                {
                    "link": "https://s3-media0.fl.yelpcdn.com/bphoto/fyEeyU2Jqq4tEwUGisoWzQ/o.jpg",
                    "caption": "Chicken Wings"
                }
            ],
            "feedback": {
                "useful": 0,
                "funny": 0,
                "cool": 0
            }
        },
        {
            "user": {
                "name": "Lenard M.",
                "user_id": "TRvsp0qCc2J4vpfIkE0qpg",
                "link": "https://www.yelp.com/user_details?userid=TRvsp0qCc2J4vpfIkE0qpg",
                "thumbnail": "https://s3-media0.fl.yelpcdn.com/photo/qBVDGnHq9eZidoOTfP18_w/180s.jpg",
                "address": "Atlanta, GA",
                "friends": 0,
                "photos": 17,
                "reviews": 10
            },
            "comment": {
                "text": "2 orders of 10 piece wings ...with sides...tiny.. tiny wings pieces...\nTo go ... what a surprise and a big disappointment ... I really have to think about going back there again... so dissatisfied and embarrassed for my guests.",
                "language": "en"
            },
            "date": "2023-12-10T06:45:42Z",
            "rating": 1,
            "feedback": {
                "useful": 0,
                "funny": 0,
                "cool": 0
            }
        },
        {
            "user": {
                "name": "Michelle M.",
                "user_id": "UXykE7jg-6fUFlWf7b_JrQ",
                "link": "https://www.yelp.com/user_details?userid=UXykE7jg-6fUFlWf7b_JrQ",
                "thumbnail": "https://s3-media0.fl.yelpcdn.com/photo/LpbaYMYRE6yu27GU5oaGNg/180s.jpg",
                "address": "Orlando, FL",
                "friends": 350,
                "photos": 443,
                "reviews": 253,
                "elite_year": 24
            },
            "comment": {
                "text": "I wanted to love this place because of the great reviews and super cute decor, but the food was average for me. The chicken tenders were very juicy, hot, and crunchy, but the breading lacked flavor. The sweet and spicy sauce was pretty good, but it was a little too sweet in my opinion. I absolutely loved the korean slaw - this was the star of the meal for me. The dressing was like a gochujang mixed with sesame oil, and it was so flavorful. The corn cheese was very disappointing. Pieces of corn were floating in this super salty liquid that did not taste very cheesy at all.",
                "language": "en"
            },
            "date": "2023-06-06T23:04:33Z",
            "rating": 3,
            "tags": [
                "5 photos"
            ],
            "photos": [
                {
                    "link": "https://s3-media0.fl.yelpcdn.com/bphoto/8Db7zE4MaA-m6F4ZjCfbkQ/o.jpg",
                    "caption": "Corn Cheese"
                },
                {
                    "link": "https://s3-media0.fl.yelpcdn.com/bphoto/tvw2Mpbgd4JqF0dCPOZYzA/o.jpg",
                    "caption": "Tendies with Korean Slaw"
                },
                {
                    "link": "https://s3-media0.fl.yelpcdn.com/bphoto/ALt_RKLnJywrEAYxsL3ycQ/o.jpg"
                },
                {
                    "link": "https://s3-media0.fl.yelpcdn.com/bphoto/nKv9YE2qE9v4iZpUIGyA_A/o.jpg"
                },
                {
                    "link": "https://s3-media0.fl.yelpcdn.com/bphoto/3VpKL8b2g92QcwHA2NtzKw/o.jpg"
                }
            ],
            "feedback": {
                "useful": 2,
                "funny": 0,
                "cool": 0
            }
        },
        {
            "user": {
                "name": "Seema Z.",
                "user_id": "4Vw-dDUl1A4Cp2sGoDQ8Yw",
                "link": "https://www.yelp.com/user_details?userid=4Vw-dDUl1A4Cp2sGoDQ8Yw",
                "thumbnail": "https://s3-media0.fl.yelpcdn.com/photo/BHrgV2TsfstEDxzw68hTNA/180s.jpg",
                "address": "Atlanta, GA",
                "friends": 41,
                "photos": 1104,
                "reviews": 283,
                "elite_year": 24
            },
            "comment": {
                "text": "This place is in midtown and validates parking. It's a counter serve spot with Korean fried chicken  we got the wings which were cooked perfectly but maybe needed more seasoning for my taste buds. The chicken on a bun was done well and perfect balance of flavors. Each of these dishes came with a side and we liked the Mac and cheese. But want to try the loaded fries. Heads up the sauces (Korean sweet heat and comeback)are on the sweeter side too. So the food is not spicy.",
                "language": "en"
            },
            "date": "2023-05-19T01:17:53Z",
            "rating": 4,
            "tags": [
                "4 photos"
            ],
            "photos": [
                {
                    "link": "https://s3-media0.fl.yelpcdn.com/bphoto/A4uMUNwQnV9SFXdfDbZsiA/o.jpg",
                    "caption": "Bird on a Bun"
                },
                {
                    "link": "https://s3-media0.fl.yelpcdn.com/bphoto/qPafO2urof6VM9j9m4ZaCA/o.jpg",
                    "caption": "Causal seating"
                },
                {
                    "link": "https://s3-media0.fl.yelpcdn.com/bphoto/xMM5q05AHUZrGCfm7nLIIg/o.jpg",
                    "caption": "Menu on Display"
                },
                {
                    "link": "https://s3-media0.fl.yelpcdn.com/bphoto/w-crsb5pduN9MnjkOQBMyA/o.jpg",
                    "caption": "Wings"
                }
            ],
            "feedback": {
                "useful": 3,
                "funny": 1,
                "cool": 0
            }
        },
        {
            "user": {
                "name": "Tanisha B.",
                "user_id": "4We9jlXNDVNPZDvfPHLdqw",
                "link": "https://www.yelp.com/user_details?userid=4We9jlXNDVNPZDvfPHLdqw",
                "thumbnail": "https://s3-media0.fl.yelpcdn.com/photo/LvFKBq6Jo36zf0COm1hgLg/180s.jpg",
                "address": "Johns Creek, GA",
                "friends": 3,
                "photos": 22,
                "reviews": 21
            },
            "comment": {
                "text": "the fires were soooo good!! And the sauce was really good too!!\nThe chicken was nice I just wish they add some type of sauce on them? I think they'll be great after that",
                "language": "en"
            },
            "date": "2023-07-29T22:56:13Z",
            "rating": 4,
            "tags": [
                "1 photo"
            ],
            "photos": [
                {
                    "link": "https://s3-media0.fl.yelpcdn.com/bphoto/H4Syjx6o0QCXzedZdnLmHQ/o.jpg",
                    "caption": "Kimchi Fries w/ Comeback Sauce and chicken"
                }
            ],
            "feedback": {
                "useful": 0,
                "funny": 0,
                "cool": 0
            }
        },
        {
            "user": {
                "name": "Anthony C.",
                "user_id": "GgxBVbgnUyrwbAnOHjdqGQ",
                "link": "https://www.yelp.com/user_details?userid=GgxBVbgnUyrwbAnOHjdqGQ",
                "thumbnail": "https://s3-media0.fl.yelpcdn.com/photo/FJNR3msqzL5Pyp04G48BOQ/180s.jpg",
                "address": "GA, GA",
                "friends": 0,
                "photos": 2,
                "reviews": 9
            },
            "comment": {
                "text": "This was probably the best fried chicken I ever had mixed with the sweet Korean chili it definitely sent me to flavor town!!",
                "language": "en"
            },
            "date": "2023-11-30T19:40:10Z",
            "rating": 5,
            "tags": [
                "2 photos"
            ],
            "photos": [
                {
                    "link": "https://s3-media0.fl.yelpcdn.com/bphoto/hgxDqJrTuztmXxQvdoIppA/o.jpg"
                },
                {
                    "link": "https://s3-media0.fl.yelpcdn.com/bphoto/aOgE0om-6sIatZ0MLxPtEA/o.jpg",
                    "caption": "Whole bird"
                }
            ],
            "feedback": {
                "useful": 0,
                "funny": 0,
                "cool": 0
            }
        },
        {
            "user": {
                "name": "Kevin C.",
                "user_id": "5N7hqfUWJhUj14OUwFVPsg",
                "link": "https://www.yelp.com/user_details?userid=5N7hqfUWJhUj14OUwFVPsg",
                "thumbnail": "https://s3-media0.fl.yelpcdn.com/photo/K9s0LblbVePJbDGBGlkr_w/180s.jpg",
                "address": "Atlanta, GA",
                "friends": 65,
                "photos": 64,
                "reviews": 28
            },
            "comment": {
                "text": "Ah KFC - and I'm not referring to the imposter Colonel Sanders KFC. I'm talking about KFC near and dear to my heart: Korean Fried Chicken. Fun fact: fried chicken was first introduced to Korea when the American military set foot and stationed on Korean soil during the Korean War in the late 1940s. The US troops that were stationed in Korea during Thanksgiving only had chicken instead of turkey to celebrate - and the rest, as they say, is history\n\nIn the case of Mukja (which means \"Let's Eat\" in Korean), two entrepreneurial friends (Peter and Sean) wanted to create a business that stood out while also drawing upon their vast restaurant experience. They decided to put their talents together, one thing led to the next, and ultimately Mukja KFC was born.\n\nThere's something about every KFC joint that hits you slightly different. Maybe its the fact that the chicken is double fried that leads to a delightful crunch- or maybe it's how the chicken is usually tossed in sauces with sweet/spicy/savory notes along with a proprietary secret batter.\n\nBrining the chicken, in my humble opinion, is the missing step at most KFC joints. Thankfully, Mukja, actually leverages the power of a brine for all their chicken before the entire cooking process starts. The result is a wonderful, flavorful, and MOIST piece of chicken for every crunchy bite. \n\nWhile KFC is not the healthiest food choice, make sure you get some exercise in that day to eat everything relatively guilt-free e.g., hit the gym, run around your neighborhood, or twerk upside down (my personal favorite).\n\nMy party ordered the whole bird which had dark/white meat and comes with 4 sides, 2 large specialty sauces, and pickled Korean radish. We decided on the Soy Garlic and Sweet Heat sauces along with the Korean Loaded Fries, the Korean Slaw, Cheese Corn, and the Mac & Chz. Everything was great but my favorite side was definitely the Mac - which used a smoked gouda sauce topped with roasted Kimchi. \n\nIf you're looking for KFC in Atlanta, look no further than Mukja. Kudos to the owners for introducing something different and exciting in the ever-growing Atlanta food scene!",
                "language": "en"
            },
            "date": "2023-03-07T16:22:15Z",
            "rating": 5,
            "tags": [
                "4 photos"
            ],
            "photos": [
                {
                    "link": "https://s3-media0.fl.yelpcdn.com/bphoto/-S1oHaO1MLAwVDJG4F4xUw/o.jpg"
                },
                {
                    "link": "https://s3-media0.fl.yelpcdn.com/bphoto/9tHrKrnmrCwMx5xlSvG1ow/o.jpg"
                },
                {
                    "link": "https://s3-media0.fl.yelpcdn.com/bphoto/AR1LeMfbpuAgN3LnZ2aT-w/o.jpg"
                },
                {
                    "link": "https://s3-media0.fl.yelpcdn.com/bphoto/sCWZ3DLHsJbNhaUOrdDZCA/o.jpg",
                    "caption": "Whole bird + sauces & sides"
                }
            ],
            "feedback": {
                "useful": 2,
                "funny": 0,
                "cool": 0
            }
        },
        {
            "user": {
                "name": "Omara T.",
                "user_id": "xgpadTJMwr-2VecUe0wbPA",
                "link": "https://www.yelp.com/user_details?userid=xgpadTJMwr-2VecUe0wbPA",
                "thumbnail": "https://s3-media0.fl.yelpcdn.com/photo/F0QDfI74jVhUz6sgQiZmQg/180s.jpg",
                "address": "MD, MD",
                "friends": 1,
                "photos": 33,
                "reviews": 23
            },
            "comment": {
                "text": "The wing was crispy,  juicy; and flavorful, but the chicken breast was over cooked and super dried even the sauce couldn't help it.  The kimchi Mac & Cheese was salty, sour, creamy; and usually delicious.  The cheese corn was not creamy and watery because the cheese did not melted but the favor was good.  Service was excellent!",
                "language": "en"
            },
            "date": "2023-11-11T19:31:34Z",
            "rating": 3,
            "tags": [
                "1 photo"
            ],
            "photos": [
                {
                    "link": "https://s3-media0.fl.yelpcdn.com/bphoto/wa3TyR9K2gLrz1j8YtUDxg/o.jpg",
                    "caption": "Chicken, Kimchi Mac & Cheese, and Cheese Corn"
                }
            ],
            "feedback": {
                "useful": 0,
                "funny": 0,
                "cool": 0
            }
        },
        {
            "user": {
                "name": "Tony G.",
                "user_id": "l2wjM8AAf7Lopplm7tBXdg",
                "link": "https://www.yelp.com/user_details?userid=l2wjM8AAf7Lopplm7tBXdg",
                "thumbnail": "https://s3-media0.fl.yelpcdn.com/photo/TSiB0lSa59RaUXyCZOAA4Q/180s.jpg",
                "address": "Atlanta, GA",
                "friends": 12,
                "photos": 77,
                "reviews": 99,
                "elite_year": 24
            },
            "comment": {
                "text": "Mukja was an amazing experience, the chicken wings were crispy and tasty and the service was good as well. We went on a Saturday afternoon right before a rush and they met our expectations, however...please don't forget your wallet because I felt it was a little pricey for the offerings. But I understand they have a business to run, the cost won't be a deterrent for me. \n\nIf your wondering around Peachtree street looking for a different experience, give Mukja a try.",
                "language": "en"
            },
            "date": "2023-02-28T01:05:32Z",
            "rating": 4,
            "feedback": {
                "useful": 2,
                "funny": 0,
                "cool": 0
            }
        },
        {
            "user": {
                "name": "Johanna S.",
                "user_id": "IjAvsqevx499N1Uk5QH-3g",
                "link": "https://www.yelp.com/user_details?userid=IjAvsqevx499N1Uk5QH-3g",
                "thumbnail": "https://s3-media0.fl.yelpcdn.com/photo/3Guy3RTx0aFujG1KoSda0A/180s.jpg",
                "address": "Atlanta, GA",
                "friends": 354,
                "photos": 508,
                "reviews": 430,
                "elite_year": 24
            },
            "comment": {
                "text": "What a nice neighborhood find this restaurant was! We absolutely loved everything. We came here on a whim and never expected to have such a wonderful tasting meal. The chicken was cooked perfectly with a nice crunch on the outside but juicy and tender inside. All of our sides were absolutely delicious, the fries were awesome and the service was super friendly and nice. The restaurant is quite large and very clean with a cool atmosphere. \nI also like that It's a family owned business! Definitely recommend it",
                "language": "en"
            },
            "date": "2022-07-04T20:49:50Z",
            "rating": 5,
            "tags": [
                "3 photos"
            ],
            "photos": [
                {
                    "link": "https://s3-media0.fl.yelpcdn.com/bphoto/z-r_NXvkfZaucYS_-MIwHw/o.jpg"
                },
                {
                    "link": "https://s3-media0.fl.yelpcdn.com/bphoto/bq9tgWVUriAXuoeoWQio7g/o.jpg",
                    "caption": "Whole birds with corn, loaded fries, slaw, salad, Mac and cheese and sauces."
                },
                {
                    "link": "https://s3-media0.fl.yelpcdn.com/bphoto/QwJcy8C1brbjQ_iy4J0h_g/o.jpg",
                    "caption": "Inside"
                }
            ],
            "feedback": {
                "useful": 2,
                "funny": 0,
                "cool": 1
            }
        },
        {
            "user": {
                "name": "Parnian V.",
                "user_id": "dU0z2cIwKNoQNDsD_ObM0Q",
                "link": "https://www.yelp.com/user_details?userid=dU0z2cIwKNoQNDsD_ObM0Q",
                "address": "Los Angeles, CA",
                "friends": 26,
                "photos": 417,
                "reviews": 247
            },
            "comment": {
                "text": "Fire. Word to the wise- the Standard has huge cuts of onion, if you're not a fan I'd recommend the slaw instead. I usually don't care for cabbage kimchi but it was great in the mac n cheese. I'll be back.",
                "language": "en"
            },
            "date": "2023-11-26T22:17:35Z",
            "rating": 5,
            "tags": [
                "1 photo"
            ],
            "photos": [
                {
                    "link": "https://s3-media0.fl.yelpcdn.com/bphoto/Pn70Q5D-goHMWYRvn1PXLQ/o.jpg",
                    "caption": "Quarter Bird"
                }
            ],
            "feedback": {
                "useful": 0,
                "funny": 0,
                "cool": 0
            }
        },
        {
            "user": {
                "name": "Chad W.",
                "user_id": "31cJ7Fwm-4A0SVFetaVa5Q",
                "link": "https://www.yelp.com/user_details?userid=31cJ7Fwm-4A0SVFetaVa5Q",
                "thumbnail": "https://s3-media0.fl.yelpcdn.com/photo/WDrEx9jfXCqIXOE3uDAVCA/180s.jpg",
                "address": "Omaha, NE",
                "friends": 42,
                "photos": 774,
                "reviews": 452,
                "elite_year": 24
            },
            "comment": {
                "text": "Just tried Mukja . Have to say honestly it's over priced fast food. I got a half bird and it come with 3 sides and one sauce. \nMy chicken must have been a very small bird. Maybe a Quail haha. A lot of the chicken was very dry. My sides were max n cheese, fries and the slaw. The slaw was good. Max n cheese was pretty flavorless and mushy. \nI'm giving it 3 stars because the soy- garlic sauce was great and helped with the dry pieces. They should really toss the chicken in your desired sauce instead of giving it to you on side. $30 for a small chicken and sides for one person is ridiculous.",
                "language": "en"
            },
            "date": "2022-07-01T00:02:39Z",
            "rating": 3,
            "tags": [
                "2 photos"
            ],
            "photos": [
                {
                    "link": "https://s3-media0.fl.yelpcdn.com/bphoto/v7hkZ3J6rVbRDgJ3YPg-oQ/o.jpg",
                    "caption": "The smallest half chicken. Mostly dry as well"
                },
                {
                    "link": "https://s3-media0.fl.yelpcdn.com/bphoto/21vC4DIvwFxKg0JR0FyaeQ/o.jpg",
                    "caption": "Slaw"
                }
            ],
            "feedback": {
                "useful": 1,
                "funny": 0,
                "cool": 0
            }
        },
        {
            "user": {
                "name": "Alisha C.",
                "user_id": "ycgYxfh3Ynr58aI53Qdvhg",
                "link": "https://www.yelp.com/user_details?userid=ycgYxfh3Ynr58aI53Qdvhg",
                "thumbnail": "https://s3-media0.fl.yelpcdn.com/photo/ILP3kCHW86sXPzmenjovpw/180s.jpg",
                "address": "Jonesboro, GA",
                "friends": 24,
                "photos": 3,
                "reviews": 7
            },
            "comment": {
                "text": "Good food fast!!! Staff was polite and Knowledgeable about their menu. Atmosphere was inviting and music welcomed all genre's.  I noticed a lot of  door dash and walk in orders which is a good sign food is good, and it was. First time here will not be the last. Some of the best chicken tenders and cheese corn I've ever had, and their \"Come back\" sauce was really good...reminds you of Zax sauce but 10x better. Located in Midtown, was here for a function, will visit again when in the area.",
                "language": "en"
            },
            "date": "2023-09-10T21:28:12Z",
            "rating": 4,
            "tags": [
                "2 photos"
            ],
            "photos": [
                {
                    "link": "https://s3-media0.fl.yelpcdn.com/bphoto/KrnD6op2PDUINbI85kwV5Q/o.jpg"
                },
                {
                    "link": "https://s3-media0.fl.yelpcdn.com/bphoto/b60syV8uXz4PWH2mv86w8g/o.jpg"
                }
            ],
            "feedback": {
                "useful": 0,
                "funny": 0,
                "cool": 0
            }
        },
        {
            "user": {
                "name": "Triana S.",
                "user_id": "r1t5JS70fh2kjSFe1dvvFA",
                "link": "https://www.yelp.com/user_details?userid=r1t5JS70fh2kjSFe1dvvFA",
                "thumbnail": "https://s3-media0.fl.yelpcdn.com/photo/A_qiFGp8tnIhaJrC5yLAQg/180s.jpg",
                "address": "Johns Creek, GA",
                "friends": 77,
                "photos": 810,
                "reviews": 137,
                "elite_year": 24
            },
            "comment": {
                "text": "Dropped in on a Sunday & got the tendies, 2-piece quarter chicken & loaded fries. The food was pretty good. I enjoyed the tendies & sauce. My husband mentioned the quarter chicken dark meat was really good. He got a honey sauce that was quite spicy & Korean sauce to dip in. He did not want to share at all he liked it so much lol. The sides are Korean dishes & I really enjoyed the Standard which was a slaw with corn, husband got the man n cheese which had a kick. I'd definitely try this place again & get the quarter chicken.",
                "language": "en"
            },
            "date": "2023-07-17T12:46:14Z",
            "rating": 4,
            "feedback": {
                "useful": 0,
                "funny": 0,
                "cool": 0
            }
        },
        {
            "user": {
                "name": "Karnesha S.",
                "user_id": "YhexqfL2hfnfQ7s6Cj2Ewg",
                "link": "https://www.yelp.com/user_details?userid=YhexqfL2hfnfQ7s6Cj2Ewg",
                "thumbnail": "https://s3-media0.fl.yelpcdn.com/photo/yf4B-GN5e5L4NvsEx292MA/180s.jpg",
                "address": "Atlanta, GA",
                "friends": 361,
                "photos": 569,
                "reviews": 393
            },
            "comment": {
                "text": "I tried this place today after seeing someone give a really great review on Instagram. Maybe that person was great with camera angles because my food did not come out looking like that and I was underwhelmed by the experience. \n\nI ordered the cheesy corn, which was more like a creamed corn ( and yes I have had Korean cheesy corn several times in different places), the corn was overcooked, and wasn't really that flavorful or tasty. The wings were tiny! I usually go to Yumbii for Korean style wings and I'm so mad at myself that I tried this place out because I finished my food feeling very unsatisfied. They had a nice crunch to them, but they were a little too chewy for my taste.\n\nThe best part was the comeback sauce to be honest. I likely won't be back.",
                "language": "en"
            },
            "date": "2022-12-01T23:59:35Z",
            "rating": 2,
            "tags": [
                "1 photo"
            ],
            "photos": [
                {
                    "link": "https://s3-media0.fl.yelpcdn.com/bphoto/-J3izRYiWUQb4TtStXd-2g/o.jpg"
                }
            ],
            "feedback": {
                "useful": 1,
                "funny": 1,
                "cool": 0
            }
        },
        {
            "user": {
                "name": "Jody M.",
                "user_id": "0KEOEsSM8Xy92CA8QQ67bA",
                "link": "https://www.yelp.com/user_details?userid=0KEOEsSM8Xy92CA8QQ67bA",
                "thumbnail": "https://s3-media0.fl.yelpcdn.com/photo/k8Lblw-zYf-QztTGd_H0_Q/180s.jpg",
                "address": "Atlanta, GA",
                "friends": 33,
                "photos": 235,
                "reviews": 173,
                "elite_year": 24
            },
            "comment": {
                "text": "I was looking for fried chicken today.  I love me some Korean fried chicken.  So I decided to try this place today. It's not far from where I work.  So why not. First off, it was hard picking sides for me. My fault.  Not theres.  I don't like raw onion \n So I decided on the fries and Mac and cheese. The Mac is sold with kimchi on it. I like kimchi but don't love it yet. So I decided against having it put on. I know I could have asked for it on the side, but I didn't think of that. I don't believe it would have helped this Mac and cheese.  Second, the seasoning on the fried chicken was delicious.  So crispy and delicious.  The thing is, you need to cook chicken.  The leg was good until the end and the meat was pink. No way. I pulled the thigh apart.  Same. Pink. That is not a good look for chicken.  Third, the fries were really good. My takeaway,  cook the chicken longer.  I won't get the Mac. I will try this place again though. I want to try the wings. I believe they're whole wings and you get 10. Not bad.",
                "language": "en"
            },
            "date": "2023-01-03T23:00:08Z",
            "rating": 3,
            "tags": [
                "2 photos"
            ],
            "photos": [
                {
                    "link": "https://s3-media0.fl.yelpcdn.com/bphoto/zKW6HyKPT1is_6Z8sI982w/o.jpg",
                    "caption": "2 piece dark meat chicken.  I already ate the leg."
                },
                {
                    "link": "https://s3-media0.fl.yelpcdn.com/bphoto/VWYmq1kxwGGc_vo0sSugUg/o.jpg",
                    "caption": "That Mac is a no. The comeback sauce was great."
                }
            ],
            "feedback": {
                "useful": 0,
                "funny": 0,
                "cool": 0
            }
        },
        {
            "user": {
                "name": "Peggy L.",
                "user_id": "ZgUZgASPLZpuLZBkSOj5Ew",
                "link": "https://www.yelp.com/user_details?userid=ZgUZgASPLZpuLZBkSOj5Ew",
                "thumbnail": "https://s3-media0.fl.yelpcdn.com/photo/72tuT_2cG9NWNocPzfhJxQ/180s.jpg",
                "address": "Phoenix, AZ",
                "friends": 88,
                "photos": 11,
                "reviews": 8
            },
            "comment": {
                "text": "Chicken wings with Korean sauce is very delicious and crispy!\n\nBut the cheese corn is upsetting and very salty. The oil separated and was not good. Wouldn't order the corn.",
                "language": "en"
            },
            "date": "2023-02-18T19:20:26Z",
            "rating": 4,
            "tags": [
                "1 photo"
            ],
            "photos": [
                {
                    "link": "https://s3-media0.fl.yelpcdn.com/bphoto/VuriFgnaoZCBYMY_1AZVbA/o.jpg",
                    "caption": "Cheese corn"
                }
            ],
            "feedback": {
                "useful": 0,
                "funny": 0,
                "cool": 0
            }
        },
        {
            "user": {
                "name": "Aamir S.",
                "user_id": "E80Po4M_5oEsDK_Hno6dtA",
                "link": "https://www.yelp.com/user_details?userid=E80Po4M_5oEsDK_Hno6dtA",
                "thumbnail": "https://s3-media0.fl.yelpcdn.com/photo/yK9oDXE3AfZe65_WCHuCHQ/180s.jpg",
                "address": "Atlanta, GA",
                "friends": 2,
                "photos": 16,
                "reviews": 11
            },
            "comment": {
                "text": "This is an absolutely phenomenal place to eat out. The restaurant is slightly difficult to find as it is on a side street without a clear sign, but is conveniently right next to the parking garage. The atmosphere is lively with music playing and the employees are really nice and helpful. You do order and pick up at the counter when they call you (they do not serve themselves). \nThe food is absolutely amazing. We got the bird on a bun with sweet heat sauce on one and comeback sauce on the second. Both sauces were excellent  in their own way. Personally I was not a fan of the kimchi on the Mac & cheese, but the loaded fries were a great side. Bonus points for having halal food!",
                "language": "en"
            },
            "date": "2022-11-25T17:50:30Z",
            "rating": 5,
            "tags": [
                "2 photos"
            ],
            "photos": [
                {
                    "link": "https://s3-media0.fl.yelpcdn.com/bphoto/bw5XaVmCDAKR_neyEK0lkQ/o.jpg",
                    "caption": "Bird on a bun. Mac&cheese. Loaded fries."
                },
                {
                    "link": "https://s3-media0.fl.yelpcdn.com/bphoto/ZOasOipNXrl1N8dbWaGlHA/o.jpg"
                }
            ],
            "feedback": {
                "useful": 0,
                "funny": 0,
                "cool": 1
            }
        },
        {
            "user": {
                "name": "Key M.",
                "user_id": "WLwlxVIhPrvyQgfdJlnuaA",
                "link": "https://www.yelp.com/user_details?userid=WLwlxVIhPrvyQgfdJlnuaA",
                "thumbnail": "https://s3-media0.fl.yelpcdn.com/photo/QhO1bXxrQuzt5wnB9shGvA/180s.jpg",
                "address": "Atlanta, GA",
                "friends": 11,
                "photos": 266,
                "reviews": 158,
                "elite_year": 24
            },
            "comment": {
                "text": "This place is great! I used to not be a huge fan because the sides, in all honesty, were not very good. I had tried both the mac and cheese and the corn, and both were a turn-off all of the multiple times I went. And I'm not a super picky person (I'd like to think lol).\n\nI went again today after not having been in awhile and was pleasantly surprised. I think they must have revamped their food. There was a huge improvement/change in the main dishes and sides. They weren't just no longer strange tasting - they were delicious.\n\nThe inside is really fun, and outside of the issue I had in the past with the food itself, it's always been a good spot imo.\n\nThey validate parking (you have to park in the garage that is attached to the building that Sweet Hut also uses). If you park in the deck to the left they can't validate that.\n\nWill be back! It's not too busy during the lunch rush",
                "language": "en"
            },
            "date": "2022-04-11T22:50:18Z",
            "rating": 5,
            "tags": [
                "2 photos"
            ],
            "photos": [
                {
                    "link": "https://s3-media0.fl.yelpcdn.com/bphoto/_Qwwb-610TJ4amvTqhuKAw/o.jpg",
                    "caption": "Takeout waiting area"
                },
                {
                    "link": "https://s3-media0.fl.yelpcdn.com/bphoto/K69NKzhYujMmN0aUaktr7Q/o.jpg"
                }
            ],
            "feedback": {
                "useful": 2,
                "funny": 0,
                "cool": 0
            }
        },
        {
            "user": {
                "name": "McKensi C.",
                "user_id": "-RpkMeMdCa3rv6cBtujcSQ",
                "link": "https://www.yelp.com/user_details?userid=-RpkMeMdCa3rv6cBtujcSQ",
                "address": "Home Park, Atlanta, GA",
                "friends": 0,
                "photos": 0,
                "reviews": 18
            },
            "comment": {
                "text": "Food is bomb, there is a parking deck near by so no worries on the parking (especially it being Atlanta)! Customer service is good usually. Definitely a cool little spot. Definitely try out if you are near the area.",
                "language": "en"
            },
            "date": "2024-01-30T18:32:21Z",
            "rating": 5,
            "feedback": {
                "useful": 0,
                "funny": 0,
                "cool": 0
            }
        },
        {
            "user": {
                "name": "Sadii H.",
                "user_id": "RKNntvFfakIj8C0NINQtdw",
                "link": "https://www.yelp.com/user_details?userid=RKNntvFfakIj8C0NINQtdw",
                "thumbnail": "https://s3-media0.fl.yelpcdn.com/photo/mk4ecpQJPPLGnTykDWM38w/180s.jpg",
                "address": "San Jose, CA",
                "friends": 78,
                "photos": 45,
                "reviews": 86
            },
            "comment": {
                "text": "The place inside is nice and clean. We ordered the chicken sandwich with fries and Mac/cheese. Halal chicken for the win! I didn't understand what was Korean about the fried chicken, the only thing they added was kimchi on top and two buns. The chicken was burnt. The fries were well salted and cooked. The Mac and cheese was creamy, but the flavor tasted like there was bacon in it. It looked like there were some pieces of bacon in the Mac and cheese, I asked the guy several times he said no, this what Gouda cheese looks like. I don't eat bacon so I had to make sure, because it tasted like there was pork flavoring used. I looked at Yelp reviews and they have asked for bacon to be removed before ordering it. I went back to the cashier to ask him again and showed him the pieces of it, he's like that what Gouda cheese rinds. I didn't feel comfortable eating it, so I switched it out for fries. \n\nNot sure if I ordered something wrong but it was avg. I had better places",
                "language": "en"
            },
            "date": "2023-04-29T02:44:32Z",
            "rating": 3,
            "feedback": {
                "useful": 1,
                "funny": 0,
                "cool": 0
            }
        },
        {
            "user": {
                "name": "Steven G.",
                "user_id": "PJ6vYl--Zej77EMJYLhQTw",
                "link": "https://www.yelp.com/user_details?userid=PJ6vYl--Zej77EMJYLhQTw",
                "thumbnail": "https://s3-media0.fl.yelpcdn.com/photo/Fv5y8suWUBy2UMuUMbhcRQ/180s.jpg",
                "address": "Naples, FL",
                "friends": 1,
                "photos": 3,
                "reviews": 25
            },
            "comment": {
                "text": "Absolutely top 3 place to eat in Atlanta, friendly staff that's works promptly to satisfy all of our needs, great recommendations and knowledge on all options and sauces. \nThe Chicken is cooked to beyond perfection, so crispy and juicy it's honestly insane and who knows how they do it but it's just incredible all the time. The sides too are just as good and compliment the delicious Chicken in such a way that's it's just unbelievable. \nMy number one recommended place in ATL and will be going back as often as possible when I'm in town.",
                "language": "en"
            },
            "date": "2023-08-11T15:57:41Z",
            "rating": 5,
            "feedback": {
                "useful": 0,
                "funny": 0,
                "cool": 0
            }
        },
        {
            "user": {
                "name": "LaWanda N.",
                "user_id": "ESq2HTpDncEjOdZEyAJfaA",
                "link": "https://www.yelp.com/user_details?userid=ESq2HTpDncEjOdZEyAJfaA",
                "thumbnail": "https://s3-media0.fl.yelpcdn.com/photo/wPZHKp4WnZKcNflgauCrUQ/180s.jpg",
                "address": "Morrow, GA",
                "friends": 25,
                "photos": 589,
                "reviews": 224,
                "elite_year": 24
            },
            "comment": {
                "text": "I had the the delight of being treated for lunch by my Eldest Son today, and OMGGGGG what a wonderful dining experience!\n\nCustomer Service: \nTaste of food: \nTime to get food: \nCleanliness of restaurant & ladies room: \n\nWe both thoroughly enjoyed our Sunday afternoon outing! I'll definitely be back!",
                "language": "en"
            },
            "date": "2022-02-07T01:52:44Z",
            "rating": 5,
            "tags": [
                "3 photos"
            ],
            "photos": [
                {
                    "link": "https://s3-media0.fl.yelpcdn.com/bphoto/mqftWuAwVA_xNH4Ycxhnsw/o.jpg",
                    "caption": "Korean Slaw & Corn Cheese"
                },
                {
                    "link": "https://s3-media0.fl.yelpcdn.com/bphoto/8JH0_lmAw3orkstFWQuk4g/o.jpg",
                    "caption": "Korean fried chicken & loaded fries, complimentary side of kimchi"
                },
                {
                    "link": "https://s3-media0.fl.yelpcdn.com/bphoto/sle_EUJ_069IH1UtUjPAwg/o.jpg",
                    "caption": "Korean Loaded Fries & Korean fried chicken"
                }
            ],
            "feedback": {
                "useful": 3,
                "funny": 0,
                "cool": 1
            }
        },
        {
            "user": {
                "name": "Jamarcus T.",
                "user_id": "K8VSrOOCdXS9VX5S66W4GQ",
                "link": "https://www.yelp.com/user_details?userid=K8VSrOOCdXS9VX5S66W4GQ",
                "thumbnail": "https://s3-media0.fl.yelpcdn.com/photo/qNXp7QsgIMXdTCxVXAvM-w/180s.jpg",
                "address": "Decatur, GA",
                "friends": 624,
                "photos": 7512,
                "reviews": 1642,
                "elite_year": 24
            },
            "comment": {
                "text": "I'd never heard about Mukja Korean Fried chicken until the YES! event earlier this year.  When I visited to pick up my yes meal, I also decided since I was there that I should pick up dinner, so I ordered myself a 10 piece of their KFC wings to go (14).\n\nThe 10 piece also comes with pickled radish, French fries and sauce of your choice.  So how did I like the food?  Well it's a bit mixed for me.  I'm trying to not bring my experience with the YES meal in this review, but the fried chicken dark were breaded nicely, were crispy and man they hit it out of the park for me.\n\nHere's the thing...the KFC wings were not the best wings i've had.  I think they were over breaded and while they were crispy, it was really hard to eat them without pulling some of the skin off from the grease factor (and that's the main reason for KFC wings is the skin!).  \n\nThe sauces were hit or miss for me as well.  The honey butter was very sweet and tasted exactly like honey and, well, butter.  I didn't have much of this sauce.  The spicy sauce was much less sweet but also not spicy.  To their credit, staff did say they were working on a habanero sauce because they'd heard comments about customers wanting something a bit more spicy.  Kudos to them for that...i'll have to try it the next time I visit.\n\nFrench fries were good.  Crispy, well salted and went well with the dipping sauces.\n\nThe interior of Mukja is really nice, clean and bright.  and there's a good amount of seating/tables for dine in.  Located at the corner of Peachtree st and peachtree pl, you can find Mukja just behind the Taco mac.  Parking was not an issue for me.  I parked at my old apt off of 5th street and just walked there.  But there's several street parking spots that are local to the restaurant as well.\n\nI do want Mukja to succeed so even though I think this experience is a 3.5 I'll round them up to 4 stars. I am certain that i'll go back again just to give them another shot, because like I mentioned earlier, I ordered two separate dishes at the same time (both fried chicken of some sort), and while one was amazing, the other was just heavily breaded and hard to finish.  I hope the next time I visit everything I try will be amazing and I can bump them up a star or two.  I hope you give them a shot if you're nearby!",
                "language": "en"
            },
            "date": "2021-12-31T19:47:22Z",
            "rating": 4,
            "tags": [
                "10 photos"
            ],
            "photos": [
                {
                    "link": "https://s3-media0.fl.yelpcdn.com/bphoto/CHAXmVMN_wlP9b-e4rbKfw/o.jpg",
                    "caption": "Interior"
                },
                {
                    "link": "https://s3-media0.fl.yelpcdn.com/bphoto/HJlb3BR6G66DcBfhL1wMXg/o.jpg"
                },
                {
                    "link": "https://s3-media0.fl.yelpcdn.com/bphoto/lhHq7gNjq6BVZtZoaBxIYw/o.jpg"
                },
                {
                    "link": "https://s3-media0.fl.yelpcdn.com/bphoto/UK3eBvej79vPL7ZVbCpAVg/o.jpg",
                    "caption": "Interior"
                },
                {
                    "link": "https://s3-media0.fl.yelpcdn.com/bphoto/aLAJhY5uG_Fwp37fG9Q7XQ/o.jpg"
                },
                {
                    "link": "https://s3-media0.fl.yelpcdn.com/bphoto/2qHU3voU9Ccak9VGJ3m5Jg/o.jpg",
                    "caption": "Cool drawings"
                },
                {
                    "link": "https://s3-media0.fl.yelpcdn.com/bphoto/XCMzErm3mLc4ybe0kOEuXg/o.jpg",
                    "caption": "Interior"
                },
                {
                    "link": "https://s3-media0.fl.yelpcdn.com/bphoto/q6SAoxQk1196f_8mGs-PwQ/o.jpg"
                },
                {
                    "link": "https://s3-media0.fl.yelpcdn.com/bphoto/UahTCCuHXDqwvcxRqV8vnA/o.jpg"
                },
                {
                    "link": "https://s3-media0.fl.yelpcdn.com/bphoto/An841n58YRMK5WYvAzkM-Q/o.jpg",
                    "caption": "Kfc wings with fries"
                }
            ],
            "feedback": {
                "useful": 11,
                "funny": 7,
                "cool": 9
            }
        },
        {
            "user": {
                "name": "Erica E.",
                "user_id": "6iL3kh42CDWhcEq3y-A5HQ",
                "link": "https://www.yelp.com/user_details?userid=6iL3kh42CDWhcEq3y-A5HQ",
                "thumbnail": "https://s3-media0.fl.yelpcdn.com/photo/7Vp1NdB94Mnnr9ZyJmr6tA/180s.jpg",
                "address": "Atlanta, GA",
                "friends": 3896,
                "photos": 4748,
                "reviews": 423,
                "elite_year": 24
            },
            "comment": {
                "text": "The real \"KFC\" lives, forget Kentucky, Korean Fried Chicken is the real move. If you've never had Korean fried chicken, you're absolutely missing out and I'm so sad for you. But luckily, there are awesome restaurants like Mukja that are a great option for your first crunchy bite of chicken magic right here in the A.\n\nDespite loving any reason to dress up and enjoy a meal outside of my home, I'm a big delivery-ordering kinda girl since I'm lazy, lol. So when I saw Mukja being featured on an app and highlighting their great reviews, I decided to check them out. What a fabulous choice because, wow. My first couple of orders, I went with their wings, fries and Mac & Cheese (like, same order x 3 lol) and became hooked! The Mac and Cheese topped with Kimchi? FIRE. It's sooo difficult for me to find Mac and Cheese that I like if it isn't made at somebody's aunties house. But Mukja's Mac is so good! The Kimchi topping is a perfect match, *chefs kiss*\n\nAnd the wings? Babyyy. The crunchy skin offers up a crispy first bite before you enjoy the juicy wing as a whole and lose your damn mind. I mean, there's love in that marinade and batter!! And I know that there's been a chicken shortage in the world and some restaurants' wings really show that. Not at Mukja. Each wing has been well-sized and juicy, like they were prepped on a farm just for me *insert teary-eyed emoji here*. Ugh, see, there goes that vegetarian diet I'll never actually make happen. Oh well, more chicken for me!",
                "language": "en"
            },
            "date": "2022-08-01T16:23:03Z",
            "rating": 5,
            "feedback": {
                "useful": 29,
                "funny": 14,
                "cool": 29
            }
        },
        {
            "user": {
                "name": "Sabina A.",
                "user_id": "CvNC0raqy5Bt_a1opW-b2g",
                "link": "https://www.yelp.com/user_details?userid=CvNC0raqy5Bt_a1opW-b2g",
                "thumbnail": "https://s3-media0.fl.yelpcdn.com/photo/cDk0HGFnPSe-FAINi94Jiw/180s.jpg",
                "address": "Atlanta, GA",
                "friends": 19,
                "photos": 78,
                "reviews": 44,
                "elite_year": 24
            },
            "comment": {
                "text": "Overall, interesting experience. The service was great, food came out quickly but the food itself felt overpriced and underwhelming. The menu is very small and options are very limited, so be prepared. We got half of the bird with the side of Korean slaw, Mac and cheese, pickled radish and fries. The bird was good and the Korean slaw was pretty spicy. Fries and Mac and cheese were fine. It felt like the sauce wasn't evenly distributed but rather clumped to the center of the slaw, making an awkward texture. The place has a fast-food style seating and felt very KFC. I wish they had kimchi or something else more traditional but that's my personal preference!",
                "language": "en"
            },
            "date": "2023-04-09T17:31:39Z",
            "rating": 3,
            "feedback": {
                "useful": 0,
                "funny": 0,
                "cool": 0
            }
        },
        {
            "user": {
                "name": "Kenny N.",
                "user_id": "iBhjhnk2klRkru6qGPnu0w",
                "link": "https://www.yelp.com/user_details?userid=iBhjhnk2klRkru6qGPnu0w",
                "thumbnail": "https://s3-media0.fl.yelpcdn.com/photo/ZjOBYc6NbdMgsGYUEnb6PQ/180s.jpg",
                "address": "Minneapolis, MN",
                "friends": 375,
                "photos": 550,
                "reviews": 345,
                "elite_year": 24
            },
            "comment": {
                "text": "Yum. Mukja is a delicious blend of Korean + American. It is located right in the heart of Midtown and offers a selection of some delicious fried chicken with a Korean twist. From my time in Atlanta, this was one, if not is, my favorite Korean Fried Chicken place. \n\nOrdered\n- Whole Bird with Sides (5/5). So tasty! I love the crispiness of the chicken and how big and succulent it is. The sides are on-point too, from the kimchi-infused coleslaw to the southern style mac n' cheese, this is a great value meal for the family \n\nNote: only giving a 4/5 since there was one stance when the chicken was very undercooked and we had to air fry it again\n\nI would go back to this place and try the other dishes like the chicken sandwich. So many good options!",
                "language": "en"
            },
            "date": "2022-01-17T23:08:54Z",
            "rating": 4,
            "tags": [
                "1 photo"
            ],
            "photos": [
                {
                    "link": "https://s3-media0.fl.yelpcdn.com/bphoto/ALln2auGgDh8b9ysvkJ6zw/o.jpg",
                    "caption": "Whole Chicken Family Meal (5/5)"
                }
            ],
            "feedback": {
                "useful": 2,
                "funny": 0,
                "cool": 0
            }
        },
        {
            "user": {
                "name": "Jennifer S.",
                "user_id": "fFKGDdkHYHjlmspb3MmUvQ",
                "link": "https://www.yelp.com/user_details?userid=fFKGDdkHYHjlmspb3MmUvQ",
                "thumbnail": "https://s3-media0.fl.yelpcdn.com/photo/kcNavQqhghI3Kmf2kOUVDA/180s.jpg",
                "address": "Darien, IL",
                "friends": 2,
                "photos": 38,
                "reviews": 39
            },
            "comment": {
                "text": "We ordered the half chicken, 10 wings, mac n cheese, fries, and creamed corn for delivery.  We love the light crispiness & the flavor of the chicken.  It's one of the best fried chicken I've had.  The sides are very good too but the chicken was exceptional.  Will definitely order again when visiting Atlanta.  Highly recommend!!",
                "language": "en"
            },
            "date": "2023-05-09T19:52:52Z",
            "rating": 5,
            "tags": [
                "1 photo"
            ],
            "photos": [
                {
                    "link": "https://s3-media0.fl.yelpcdn.com/bphoto/IxmCrf-yJ-RmITUJVJ-Skw/o.jpg",
                    "caption": "10  wings , Half chicken, fries Mac n cheese with kimchi, creamed corn"
                }
            ],
            "feedback": {
                "useful": 0,
                "funny": 0,
                "cool": 0
            }
        },
        {
            "user": {
                "name": "Anne S.",
                "user_id": "Yid91pHeslR2WGKPIhcuVg",
                "link": "https://www.yelp.com/user_details?userid=Yid91pHeslR2WGKPIhcuVg",
                "thumbnail": "https://s3-media0.fl.yelpcdn.com/photo/iu8TSoBgDUkaYOatHNfX2Q/180s.jpg",
                "address": "Fayetteville, GA",
                "friends": 101,
                "photos": 1115,
                "reviews": 253,
                "elite_year": 24
            },
            "comment": {
                "text": "Had a second try and the chicken was great. Along  with the mac & cheese, fries, and slaw. The owner was so very nice and gave me another meal to replace the first one. Everything was excellent!",
                "language": "en"
            },
            "date": "2022-09-15T15:17:15Z",
            "rating": 4,
            "tags": [
                "4 photos"
            ],
            "photos": [
                {
                    "link": "https://s3-media0.fl.yelpcdn.com/bphoto/LeuADVEMk3OaYVvcc3cOPQ/o.jpg",
                    "caption": "Ice cream Lemon (Push-Pop)"
                },
                {
                    "link": "https://s3-media0.fl.yelpcdn.com/bphoto/GKaQV3-PRnpJYVeb8fpRJw/o.jpg",
                    "caption": "Corn Cheese"
                },
                {
                    "link": "https://s3-media0.fl.yelpcdn.com/bphoto/GmaIWv1Mgu0dTLUDI75ssg/o.jpg",
                    "caption": "Fried chicken"
                },
                {
                    "link": "https://s3-media0.fl.yelpcdn.com/bphoto/-QSt2WG0aNNWL07USOK7BA/o.jpg",
                    "caption": "Korean Loaded Fries"
                }
            ],
            "feedback": {
                "useful": 0,
                "funny": 0,
                "cool": 1
            }
        },
        {
            "user": {
                "name": "Stephanie D.",
                "user_id": "pvj9ou0OJ2Wm8DcYX5KTsA",
                "link": "https://www.yelp.com/user_details?userid=pvj9ou0OJ2Wm8DcYX5KTsA",
                "thumbnail": "https://s3-media0.fl.yelpcdn.com/photo/vmrtPB-wncoeubqe3Q0K-A/180s.jpg",
                "address": "Atlanta, GA",
                "friends": 1,
                "photos": 2,
                "reviews": 12
            },
            "comment": {
                "text": "Oh my gosh, their food is amazing! So easy to order online and then pick up the food. Their wings are to die for and their Korean slaw is just fabulous. If you haven't been, You need to give them a try ASAP. Friendly staff and you never have to wait long for your food.  Totally yummy!!!",
                "language": "en"
            },
            "date": "2023-03-03T19:29:24Z",
            "rating": 5,
            "tags": [
                "1 photo"
            ],
            "photos": [
                {
                    "link": "https://s3-media0.fl.yelpcdn.com/bphoto/45xxLIFoymMn8qaHaRijzA/o.jpg",
                    "caption": "Wings"
                }
            ],
            "feedback": {
                "useful": 1,
                "funny": 0,
                "cool": 0
            }
        },
        {
            "user": {
                "name": "Huma H.",
                "user_id": "-VMuW9PGXpjfgPzet3bZ-Q",
                "link": "https://www.yelp.com/user_details?userid=-VMuW9PGXpjfgPzet3bZ-Q",
                "thumbnail": "https://s3-media0.fl.yelpcdn.com/photo/GBKJ3nLRKMxpwuJncT9tGA/180s.jpg",
                "address": "Kennesaw, GA",
                "friends": 166,
                "photos": 121,
                "reviews": 67,
                "elite_year": 24
            },
            "comment": {
                "text": "On a quiet street near Sweet Hut is a cute little shop, clean and inviting looking from outside. Mukja Korean Fried Chicken is an amazing add to the ATL area. My husband and I were so excited to try it - and the chicken is halal! \n(Note: Sean, one of the owners at the front counter, clarified that it's the fried chicken pieces right now that are halal - the chicken for the wings and the bird on a bun are not, so best be sure to ask when you come in. There is also bacon in the bowl as well as the Mac and cheese, though you can request for that to be removed in the Mac). \n\n-ambience: the interior is really cute - even though it's a fast casual place, it was really clean and the interior decorations added a nice touch - clearly, enthusiastic about Korean culture and good food. They have some high tops and a few tables with benches for those who would like to dine in, all clean. Even the bathroom was spotless! 5/5\n\n-service: Sean, one of the owners, was our main POC while there and was really awesome and welcoming! He took the time to explain to us all the halal options, the different sauce flavor profiles, and he brought the food to our table and checked in on us to see how everything was. It was amazing service, he really made us feel at home! 5/5\n\n-food: OMG, I am just glad it's a bit of a drive, or else I'd be here daily for dinner! The fried chicken is super fresh, perfectly crispy, and goes really well with the sauces. We got both dark and white meat, and both hit the spot! The fries were really good too, nice and crispy. There were several sauces that we tried - the comeback (thousand island like), the A-T hell (habanero with a hint of sweet) and soy garlic (similar to standard Chinese style sauce). My favorite was the A-T hell! \nThey also provide sides with the meal - the pickled radish and the Korean slaw were delicious, and the Mac and cheese was solid too. 5/5\nThe chicken orders are a little on the small side - my husband and I ordered a half bird, and then we went back to order another quarter, because we were fighting over the last chicken piece and still had room for more. \n\nBest be sure, we will be back. A solid KFC in ATL!! And it's halal - what not to like??",
                "language": "en"
            },
            "date": "2021-12-12T04:29:26Z",
            "rating": 5,
            "tags": [
                "4 photos"
            ],
            "photos": [
                {
                    "link": "https://s3-media0.fl.yelpcdn.com/bphoto/YT8Dkxj3Bk_Mp4CaMy5YDg/o.jpg",
                    "caption": "Sauces - from top to bottom: comeback sauce (thousand-island like),  \"A-T-HELL\"sauce (spicy, with a hint of sweet), Soy Garlic sauce"
                },
                {
                    "link": "https://s3-media0.fl.yelpcdn.com/bphoto/z0fdKxrIR7x_NsWjlWaLKg/o.jpg",
                    "caption": "Mac and cheese and Korean Slaw"
                },
                {
                    "link": "https://s3-media0.fl.yelpcdn.com/bphoto/6MqVpe__c9LKdJJw_GP3QA/o.jpg",
                    "caption": "Interior decor"
                },
                {
                    "link": "https://s3-media0.fl.yelpcdn.com/bphoto/-WnalcCH1PsvH0QFoA0PGw/o.jpg",
                    "caption": "Half bird with fries and sauces"
                }
            ],
            "feedback": {
                "useful": 3,
                "funny": 0,
                "cool": 0
            }
        },
        {
            "user": {
                "name": "Sam L.",
                "user_id": "9RhKGMcjZHxJPm_N6JuuOw",
                "link": "https://www.yelp.com/user_details?userid=9RhKGMcjZHxJPm_N6JuuOw",
                "thumbnail": "https://s3-media0.fl.yelpcdn.com/photo/vyqZfBhShFMOjUhIu0nEjg/180s.jpg",
                "address": "San Francisco, CA",
                "friends": 35,
                "photos": 465,
                "reviews": 210,
                "elite_year": 24
            },
            "comment": {
                "text": "Mukja is dank. Solid addition to Midtown, although a little hidden on a side street next to Taco Mac. Came for a late lunch and had no wait around 3pm; menu is short and straightforward, and we got our food quickly after ordering.\n\nMyself and my two friends ate indoors as it wasn't very busy, and it's a fairly open space in terms of seating. We all got chicken sandwiches; I got it with mac n cheese and my friends got theirs with fries and slaw.\n\nThe chicken is super crispy on the outside and juicy inside; not spicy or anything (I like some heat myself) but very flavorful with the sauce, which is like an upgraded Zaxby's sauce. I like that the sandwich wasn't super heavy, but still filling! The mac n cheese was VERY gouda forward, but that is gouda for me (ha ha). My friend loved her slaw - not the creamy kind, but it was super fresh. Fries were what you would expect; note they are steak cut.\n\nAll in all, good meal for $12 - glad I was able to stop by while back in ATL, and would revisit next time I return!",
                "language": "en"
            },
            "date": "2021-12-20T20:30:07Z",
            "rating": 5,
            "tags": [
                "2 photos"
            ],
            "photos": [
                {
                    "link": "https://s3-media0.fl.yelpcdn.com/bphoto/9DLAMnmVyAAQJVc5_exbZA/o.jpg"
                },
                {
                    "link": "https://s3-media0.fl.yelpcdn.com/bphoto/QSWieoHCoP0kxqbcMudG8w/o.jpg",
                    "caption": "Sandwich and mac n cheese"
                }
            ],
            "feedback": {
                "useful": 2,
                "funny": 0,
                "cool": 0
            }
        },
        {
            "user": {
                "name": "Cansu C.",
                "user_id": "GQHCExc4STGUpp_KLHzkyw",
                "link": "https://www.yelp.com/user_details?userid=GQHCExc4STGUpp_KLHzkyw",
                "thumbnail": "https://s3-media0.fl.yelpcdn.com/photo/W3a4gopAS-1pPl0Nqu_oZw/180s.jpg",
                "address": "GA, GA",
                "friends": 3,
                "photos": 30,
                "reviews": 17
            },
            "comment": {
                "text": "My husband and I were downtown for an concert and we needed something quick to grab Mukja popped up and we love Korean Fried Chicken. Parking is free around this area for 1 hour or so I believe. This was the most friendly experience ever . We needed help with the menu our first time, the gentleman HELPED SO SO MUCH . His nice attitude was everything! \nWe had 10 wings combo & Half Bird with Beer. I had to try all of their sauces. My favorite Comeback Sauce, my husbands favorite was Korean Sweet one. Food so fresh and crispy loved it. Every time I pass by MidTown I plan on stopping there. \nThank you for giving us a memorable experience and it was an amazing atmosphere. Songs they play to decorations on the wall.\n10/10",
                "language": "en"
            },
            "date": "2022-08-02T12:57:07Z",
            "rating": 5,
            "tags": [
                "2 photos"
            ],
            "photos": [
                {
                    "link": "https://s3-media0.fl.yelpcdn.com/bphoto/eKyRo1Bq0ScieO-FVVHdyQ/o.jpg",
                    "caption": "Inside"
                },
                {
                    "link": "https://s3-media0.fl.yelpcdn.com/bphoto/9mUTx0yXXdLQ5zpFa2VRNQ/o.jpg",
                    "caption": "Wings & Half Bird"
                }
            ],
            "feedback": {
                "useful": 1,
                "funny": 0,
                "cool": 1
            }
        },
        {
            "user": {
                "name": "Cassie H.",
                "user_id": "-sWZ2nppyCY_qmsnk2RI3w",
                "link": "https://www.yelp.com/user_details?userid=-sWZ2nppyCY_qmsnk2RI3w",
                "thumbnail": "https://s3-media0.fl.yelpcdn.com/photo/yaQID9YDTOv8kudhU5nqhQ/180s.jpg",
                "address": "Atlanta, GA",
                "friends": 20,
                "photos": 445,
                "reviews": 116,
                "elite_year": 24
            },
            "comment": {
                "text": "This definitely would've been better not delivered, but the Mukja Bowl wasn't too bad! The dish was very tasty, and the fries are pretty good. I've heard good things about the fried chicken, so I'll have to try that next time.",
                "language": "en"
            },
            "date": "2022-09-04T14:20:26Z",
            "rating": 4,
            "tags": [
                "1 photo"
            ],
            "photos": [
                {
                    "link": "https://s3-media0.fl.yelpcdn.com/bphoto/yFDbtYEji7LzjvRdYTL28A/o.jpg"
                }
            ],
            "feedback": {
                "useful": 0,
                "funny": 0,
                "cool": 0
            }
        },
        {
            "user": {
                "name": "Melissa L.",
                "user_id": "8YxqAQoqT4MKksKeYpWRig",
                "link": "https://www.yelp.com/user_details?userid=8YxqAQoqT4MKksKeYpWRig",
                "thumbnail": "https://s3-media0.fl.yelpcdn.com/photo/BQN_CYOLNn5XmTvJb0qxaQ/180s.jpg",
                "address": "Miramar, FL",
                "friends": 0,
                "photos": 105,
                "reviews": 30
            },
            "comment": {
                "text": "Nothing special unfortunately. Found this place amongst tiktok but it didn't reach my expectations. The kimchi Mac and cheese I wouldn't order again but the wings were fair. Wings needed more flavor and sauces needed to be a little less sweet. There was attentive service and the ambiance of the restaurant was modern and clean. However, the food just wasn't there for me.",
                "language": "en"
            },
            "date": "2023-04-11T02:27:43Z",
            "rating": 3,
            "tags": [
                "2 photos"
            ],
            "photos": [
                {
                    "link": "https://s3-media0.fl.yelpcdn.com/bphoto/G2WO1PyN6peaS2GL1n1TDA/o.jpg"
                },
                {
                    "link": "https://s3-media0.fl.yelpcdn.com/bphoto/tBI3ehs1HtOBIG6sjxmIlw/o.jpg"
                }
            ],
            "feedback": {
                "useful": 0,
                "funny": 0,
                "cool": 0
            }
        },
        {
            "user": {
                "name": "Steven K.",
                "user_id": "9Sc7vPSSdC4-Kkm1uzB57w",
                "link": "https://www.yelp.com/user_details?userid=9Sc7vPSSdC4-Kkm1uzB57w",
                "thumbnail": "https://s3-media0.fl.yelpcdn.com/photo/i0cXNRlld_gLt19gljHsQQ/180s.jpg",
                "address": "Phoenix, AZ",
                "friends": 215,
                "photos": 510,
                "reviews": 833,
                "elite_year": 24
            },
            "comment": {
                "text": "Stopped by here for a quick lunch and ordered the 2 pieces of dark meat chicken and I got the Mac n cheese and the coleslaw. The chicken itself was just okay in my opinion and the sauces didn't really add anything other then some saltiness from soy sauce. One of the pieces of chicken actually wasn't fully cooked in the middle which made me not able to finish the whole chicken. Honestly the best thing about this place was the coleslaw. It was so unique and the sauce had gochujang in it I believe which have it a very complex flavor. The Mac n cheese itself was good but want a big fan of the kimchi on top of it. Not really a big kimchi fan so not the best judge of it. I would literally just come back here for the coleslaw that it was that good. Little pricey too for only getting two pieces of fried chicken.",
                "language": "en"
            },
            "date": "2023-02-23T20:18:48Z",
            "rating": 3,
            "feedback": {
                "useful": 0,
                "funny": 0,
                "cool": 0
            }
        },
        {
            "user": {
                "name": "Alexandra H.",
                "user_id": "T2Oeb6Osg1FoWlMX8A1FGQ",
                "link": "https://www.yelp.com/user_details?userid=T2Oeb6Osg1FoWlMX8A1FGQ",
                "thumbnail": "https://s3-media0.fl.yelpcdn.com/photo/ynbFANc8hZN-8PEc1KgfPQ/180s.jpg",
                "address": "Atlanta, GA",
                "friends": 298,
                "photos": 209,
                "reviews": 174,
                "elite_year": 24
            },
            "comment": {
                "text": "So great!! Ordered online on a rainy day & picked up - it was cooked and packaged to perfection. Will definitely return!",
                "language": "en"
            },
            "date": "2022-08-03T17:21:02Z",
            "rating": 5,
            "tags": [
                "1 photo"
            ],
            "photos": [
                {
                    "link": "https://s3-media0.fl.yelpcdn.com/bphoto/iZ4SPMPd7g6krNlrCZ411g/o.jpg",
                    "caption": "Chicken sandwich with Korean Loaded Fries"
                }
            ],
            "feedback": {
                "useful": 0,
                "funny": 0,
                "cool": 1
            }
        },
        {
            "user": {
                "name": "Alexandra A.",
                "user_id": "I_1eSLUBl6_vuNjygg_aIA",
                "link": "https://www.yelp.com/user_details?userid=I_1eSLUBl6_vuNjygg_aIA",
                "address": "Peachtree City, GA",
                "friends": 0,
                "photos": 0,
                "reviews": 1
            },
            "comment": {
                "text": "It was my first time trying Mukja. I had the fried tofu nuggets and coleslaw being that I'm working on changing my diet. The tofu was so tender still and had lite crispy fried taste and sauce was delicious. Coleslaw sauce tad spicy which I love spice. I really appreciate our staff member referring and making this order happen at our school today. I'll be in soon to get dinner for my family one day soon. #educators #freshfood",
                "language": "en"
            },
            "date": "2024-01-02T23:30:11Z",
            "rating": 5,
            "feedback": {
                "useful": 0,
                "funny": 0,
                "cool": 0
            }
        }
    ],
    "serpapi_pagination": {
        "next": "https://serpapi.com/search.json?engine=yelp_reviews&num=50&place_id=xakTfx650TBYn3IALjPZDg&start=50"
    }
}