{
  "search_metadata": {
    "id": "65f09cbfef7dda04c3758769",
    "status": "Success",
    "json_endpoint": "https://serpapi.com/searches/229e3195481496fc/65f09cbfef7dda04c3758769.json",
    "created_at": "2024-03-12 18:19:43 UTC",
    "processed_at": "2024-03-12 18:19:43 UTC",
    "yelp_reviews_url": "https://www.yelp.com/biz/pfl4P_dF9X7nyg4icXzORQ?",
    "raw_html_file": "https://serpapi.com/searches/229e3195481496fc/65f09cbfef7dda04c3758769.html",
    "prettify_html_file": "https://serpapi.com/searches/229e3195481496fc/65f09cbfef7dda04c3758769.prettify",
    "total_time_taken": 1.1
  },
  "search_parameters": {
    "engine": "yelp_reviews",
    "start": 130,
    "num": "50",
    "place_id": "pfl4P_dF9X7nyg4icXzORQ"
  },
  "search_information": {
    "total_results": 115,
    "business": "CT Reforma Taqueria",
    "reviews_results_state": "Fully empty"
  },
  "review_languages": [
    {
      "hl": "en",
      "count": 115
    },
    {
      "hl": "fr",
      "count": 1
    }
  ],
  "error": "Yelp Reviews hasn't returned any results for this query."
}