{
  "search_metadata": {
    "id": "65ef27e795bf924adff91b02",
    "status": "Success",
    "json_endpoint": "https://serpapi.com/searches/569985ff2a43efe9/65ef27e795bf924adff91b02.json",
    "created_at": "2024-03-11 15:48:55 UTC",
    "processed_at": "2024-03-11 15:48:55 UTC",
    "yelp_url": "https://www.yelp.com/search?find_loc=Atlanta%2C+GA&start=10",
    "raw_html_file": "https://serpapi.com/searches/569985ff2a43efe9/65ef27e795bf924adff91b02.html",
    "total_time_taken": 5.02
  },
  "search_parameters": {
    "engine": "yelp",
    "find_loc": "Atlanta, GA",
    "start": 10
  },
  "filters": {
    "neighborhoods": {
      "value": "p:GA:Atlanta::",
      "list": [
        {
          "text": "Druid Hills",
          "value": "Druid_Hills"
        },
        {
          "text": "Buckhead",
          "value": "Buckhead"
        },
        {
          "text": "Old Fourth Ward",
          "value": "Old_Fourth_Ward"
        },
        {
          "text": "Little Five Points",
          "value": "Little_Five_Points"
        },
        {
          "text": "Lake Claire",
          "value": "Lake_Claire"
        },
        {
          "text": "West Paces Ferry / Northside",
          "value": "West_Paces_Ferry_/_Northside"
        },
        {
          "text": "Kirkwood",
          "value": "Kirkwood"
        },
        {
          "text": "Georgia Tech",
          "value": "Georgia_Tech"
        },
        {
          "text": "Lindbergh",
          "value": "Lindbergh"
        },
        {
          "text": "East Lake",
          "value": "East_Lake"
        },
        {
          "text": "Emory Village",
          "value": "Emory_Village"
        },
        {
          "text": "West End",
          "value": "West_End"
        },
        {
          "text": "Grant Park",
          "value": "Grant_Park"
        },
        {
          "text": "Ansley Park",
          "value": "Ansley_Park"
        },
        {
          "text": "Morningside / Lenox Park",
          "value": "Morningside_/_Lenox_Park"
        },
        {
          "text": "East Atlanta Village",
          "value": "East_Atlanta_Village"
        },
        {
          "text": "Inman Park",
          "value": "Inman_Park"
        },
        {
          "text": "Westside / Home Park",
          "value": "Westside_/_Home_Park"
        },
        {
          "text": "Atlantic Station",
          "value": "Atlantic_Station"
        },
        {
          "text": "Centennial Place",
          "value": "Centennial_Place"
        },
        {
          "text": "Candler Park",
          "value": "Candler_Park"
        },
        {
          "text": "Downtown",
          "value": "Downtown"
        },
        {
          "text": "Cabbagetown",
          "value": "Cabbagetown"
        },
        {
          "text": "Midtown",
          "value": "Midtown"
        },
        {
          "text": "Castleberry Hill",
          "value": "Castleberry_Hill"
        },
        {
          "text": "Reynoldstown",
          "value": "Reynoldstown"
        },
        {
          "text": "Virginia Highland",
          "value": "Virginia_Highland"
        },
        {
          "text": "Poncey-Highland",
          "value": "Poncey-Highland"
        },
        {
          "text": "Edgewood",
          "value": "Edgewood"
        },
        {
          "text": "Ormewood Park",
          "value": "Ormewood_Park"
        }
      ]
    },
    "distance": [
      {
        "text": "Bird's-eye View",
        "value": "g:-84.47593688964844,33.72776616734189,-84.27131652832031,33.89891688437141"
      },
      {
        "text": "Driving (5 mi.)",
        "value": "g:-84.4247817993164,33.77030054809328,-84.32247161865234,33.85587620512014"
      },
      {
        "text": "Biking (2 mi.)",
        "value": "g:-84.39920425415039,33.79184514875722,-84.34804916381836,33.834632907576776"
      },
      {
        "text": "Walking (1 mi.)",
        "value": "g:-84.38641548156738,33.80254409475938,-84.36083793640137,33.82393797437476"
      },
      {
        "text": "Within 4 blocks",
        "value": "g:-84.37682390213013,33.81053176901896,-84.37042951583862,33.81588024116821"
      }
    ],
    "price": [
      {
        "text": "$",
        "value": "RestaurantsPriceRange2.1"
      },
      {
        "text": "$$",
        "value": "RestaurantsPriceRange2.2"
      },
      {
        "text": "$$$",
        "value": "RestaurantsPriceRange2.3"
      },
      {
        "text": "$$$$",
        "value": "RestaurantsPriceRange2.4"
      }
    ],
    "features": [
      {
        "text": "Liked by 20-somethings",
        "value": "LikedByTwenties"
      },
      {
        "text": "Music: Live",
        "value": "Music.live"
      },
      {
        "text": "Smoking Outside Only",
        "value": "Smoking.outdoor"
      },
      {
        "text": "Liked by 40-somethings",
        "value": "LikedByForties"
      },
      {
        "text": "Street Parking",
        "value": "BusinessParking.street"
      },
      {
        "text": "Accepts Apple Pay",
        "value": "BusinessAcceptsApplePay"
      },
      {
        "text": "Good for Lunch",
        "value": "GoodForMeal.lunch"
      },
      {
        "text": "Waitlist",
        "value": "OnlineWaitlistReservation"
      },
      {
        "text": "Liked by 30-somethings",
        "value": "LikedByThirties"
      },
      {
        "text": "Good for Dinner",
        "value": "GoodForMeal.dinner"
      },
      {
        "text": "Offers Delivery",
        "value": "RestaurantsDelivery"
      },
      {
        "text": "Open At:",
        "value": "open_time"
      },
      {
        "text": "Full Bar",
        "value": "Alcohol.full_bar"
      },
      {
        "text": "Good for Breakfast",
        "value": "GoodForMeal.breakfast"
      },
      {
        "text": "No Smoking",
        "value": "Smoking.no"
      },
      {
        "text": "Outdoor Seating",
        "value": "OutdoorSeating"
      },
      {
        "text": "Good for Brunch",
        "value": "GoodForMeal.brunch"
      },
      {
        "text": "Dogs Allowed",
        "value": "DogsAllowed"
      },
      {
        "text": "Smoking Allowed",
        "value": "Smoking.yes"
      },
      {
        "text": "Open to All",
        "value": "BusinessOpenToAll"
      },
      {
        "text": "Good for Groups",
        "value": "RestaurantsGoodForGroups"
      },
      {
        "text": "Private Lot Parking",
        "value": "BusinessParking.lot"
      },
      {
        "text": "Wheelchair Accessible",
        "value": "WheelchairAccessible"
      },
      {
        "text": "Good for Late Night",
        "value": "GoodForMeal.latenight"
      },
      {
        "text": "Offers Takeout",
        "value": "RestaurantsTakeOut"
      },
      {
        "text": "Gender-neutral restrooms",
        "value": "GenderNeutralRestrooms"
      },
      {
        "text": "Good for Kids",
        "value": "GoodForKids"
      },
      {
        "text": "Open Now",
        "value": "open_now"
      },
      {
        "text": "Beer &amp; Wine Only",
        "value": "Alcohol.beer_and_wine"
      },
      {
        "text": "Music: DJ",
        "value": "Music.dj"
      },
      {
        "text": "Takes Reservations",
        "value": "RestaurantsReservations"
      },
      {
        "text": "Accepts Credit Cards",
        "value": "BusinessAcceptsCreditCards"
      },
      {
        "text": "Coat Check",
        "value": "CoatCheck"
      },
      {
        "text": "Offers Military Discount",
        "value": "OffersMilitaryDiscount"
      },
      {
        "text": "Good For Happy Hour",
        "value": "HappyHour"
      },
      {
        "text": "Garage Parking",
        "value": "BusinessParking.garage"
      },
      {
        "text": "Offering a Deal",
        "value": "ActiveDeal"
      },
      {
        "text": "Waiter Service",
        "value": "RestaurantsTableService"
      },
      {
        "text": "Paid Wi-Fi",
        "value": "WiFi.paid"
      },
      {
        "text": "Has TV",
        "value": "HasTV"
      },
      {
        "text": "Free Wi-Fi",
        "value": "WiFi.free"
      },
      {
        "text": "Valet Parking",
        "value": "BusinessParking.valet"
      },
      {
        "text": "Good for Dessert",
        "value": "GoodForMeal.dessert"
      },
      {
        "text": "Validated Parking",
        "value": "BusinessParking.validated"
      },
      {
        "text": "Music: Karaoke",
        "value": "Music.karaoke"
      },
      {
        "text": "Accepts Cryptocurrency",
        "value": "BusinessAcceptsBitcoin"
      },
      {
        "text": "Music: Jukebox",
        "value": "Music.jukebox"
      },
      {
        "text": "Hot and New",
        "value": "NewBusiness"
      },
      {
        "text": "Reservations",
        "value": "OnlineReservations"
      }
    ],
    "category": [
      {
        "text": "Breakfast & Brunch",
        "value": "breakfast_brunch"
      }
    ]
  },
  "inline_ads": [
    {
      "place_ids": [
        "jqy4gp-Hysad2AmG_ft8UQ",
        "starbucks-atlanta-89"
      ],
      "title": "Starbucks",
      "link": "https://www.yelp.com/adredir?ad_business_id=jqy4gp-Hysad2AmG_ft8UQ&amp;campaign_id=OXWHJpBisLAbHEfN0E0Ilw&amp;click_origin=search_results&amp;placement=carousel_0&amp;placement_slot=0&amp;redirect_url=https%3A%2F%2Fwww.yelp.com%2Fbiz%2Fstarbucks-atlanta-89&amp;request_id=e79ca045e5a6d449&amp;signature=953a52515d53a0dbab4ab69951219e871bcf6f6c216ddfcb3b8ccf5a2c4964fe&amp;slot=0",
      "reviews_link": "https://serpapi.com/search.json?engine=yelp_reviews&num=50&place_id=jqy4gp-Hysad2AmG_ft8UQ&start=10",
      "categories": [
        {
          "title": "Coffee & Tea",
          "link": "https://www.yelp.com/search?find_desc=Coffee+%26+Tea&amp;find_loc=Atlanta%2C+GA"
        }
      ],
      "reviews": 77,
      "neighborhoods": "Downtown",
      "button": {
        "text": "Get Directions",
        "link": "https://www.yelp.com/adredir?ad_business_id=jqy4gp-Hysad2AmG_ft8UQ&amp;click_origin=search_results_direction&amp;placement=carousel_0&amp;placement_slot=0&amp;redirect_url=https%3A%2F%2Fwww.yelp.com%2Fmap%2Fstarbucks-atlanta-89&amp;request_id=e79ca045e5a6d449&amp;signature=6487eaae1181dadaf6e228dfb37c42f2544502ca0b36fe3bc9b8a45f04ab089b&amp;slot=0"
      },
      "thumbnail": "https://s3-media0.fl.yelpcdn.com/bphoto/z8FeWEssMfUHbhby6xBYnw/ls.jpg"
    },
    {
      "place_ids": [
        "7R5VMjXQV7HB-dDurXzPfA",
        "nothing-bundt-cakes-atlanta"
      ],
      "title": "Nothing Bundt Cakes",
      "link": "https://www.yelp.com/adredir?ad_business_id=7R5VMjXQV7HB-dDurXzPfA&amp;campaign_id=5g55ebl750Xrv4KNL_3YPg&amp;click_origin=search_results&amp;placement=carousel_0&amp;placement_slot=0&amp;redirect_url=https%3A%2F%2Fwww.yelp.com%2Fbiz%2Fnothing-bundt-cakes-atlanta&amp;request_id=e79ca045e5a6d449&amp;signature=c0665e4a7c61b555bedf66ec06b05a34c940571cee3ad1fb81d1f487b5cc6d70&amp;slot=1",
      "reviews_link": "https://serpapi.com/search.json?engine=yelp_reviews&num=50&place_id=7R5VMjXQV7HB-dDurXzPfA&start=10",
      "categories": [
        {
          "title": "Cupcakes",
          "link": "https://www.yelp.com/search?find_desc=Cupcakes&amp;find_loc=Atlanta%2C+GA"
        },
        {
          "title": "Bakeries",
          "link": "https://www.yelp.com/search?find_desc=Bakeries&amp;find_loc=Atlanta%2C+GA"
        },
        {
          "title": "Desserts",
          "link": "https://www.yelp.com/search?find_desc=Desserts&amp;find_loc=Atlanta%2C+GA"
        }
      ],
      "rating": 4.3,
      "reviews": 10,
      "neighborhoods": "Reynoldstown",
      "button": {
        "text": "View Website",
        "link": "https://www.yelp.com/adredir?ad_business_id=7R5VMjXQV7HB-dDurXzPfA&amp;campaign_id=5g55ebl750Xrv4KNL_3YPg&amp;click_origin=search_results_visit_website&amp;placement=carousel_0&amp;placement_slot=0&amp;redirect_url=https%3A%2F%2Fwww.yelp.com%2Fbiz_redir%3Fcachebuster%3D1710172138%26s%3Db2dd2838ab7fa3d5dcbd23a72bc218b27bf45d62b314b222230c97ba916bc2c9%26src_bizid%3D7R5VMjXQV7HB-dDurXzPfA%26url%3Dhttps%253A%252F%252Fwww.nothingbundtcakes.com%252Fall-products%252F%253Fbakery%253D536%2526utm_campaign%253Devergreen%2526utm_medium%253Dpaidbanners%2526utm_source%253DYelp%26website_link_type%3Dwebsite&amp;request_id=e79ca045e5a6d449&amp;signature=a56cdbb1646fc59bc6cb59dd5ab1c092ae92b8c0b58938c1f1abd92924a336a5&amp;slot=1"
      },
      "thumbnail": "https://s3-media0.fl.yelpcdn.com/adphoto/4rC2_r-cfpON7T1z8zCxEA/ls.jpg"
    },
    {
      "place_ids": [
        "nVcZG0faEa5KER8WOjWbXg",
        "vita-bakes-atlanta"
      ],
      "title": "Vita Bakes",
      "link": "https://www.yelp.com/adredir?ad_business_id=nVcZG0faEa5KER8WOjWbXg&amp;campaign_id=U21OFO9QvEEcJvFNFj1FBw&amp;click_origin=search_results&amp;placement=carousel_0&amp;placement_slot=0&amp;redirect_url=https%3A%2F%2Fwww.yelp.com%2Fbiz%2Fvita-bakes-atlanta&amp;request_id=e79ca045e5a6d449&amp;signature=d6ea68a8fc8cb6f566bbf912bd20e0a89e220ec5da91b1c65b99209c86fff917&amp;slot=2",
      "reviews_link": "https://serpapi.com/search.json?engine=yelp_reviews&num=50&place_id=nVcZG0faEa5KER8WOjWbXg&start=10",
      "categories": [
        {
          "title": "Cupcakes",
          "link": "https://www.yelp.com/search?find_desc=Cupcakes&amp;find_loc=Atlanta%2C+GA"
        },
        {
          "title": "Desserts",
          "link": "https://www.yelp.com/search?find_desc=Desserts&amp;find_loc=Atlanta%2C+GA"
        },
        {
          "title": "Custom Cakes",
          "link": "https://www.yelp.com/search?find_desc=Custom+Cakes&amp;find_loc=Atlanta%2C+GA"
        }
      ],
      "reviews": 1,
      "button": {
        "text": "View Business",
        "link": "https://www.yelp.com/adredir?ad_business_id=nVcZG0faEa5KER8WOjWbXg&amp;campaign_id=U21OFO9QvEEcJvFNFj1FBw&amp;click_origin=search_results&amp;placement=carousel_0&amp;placement_slot=0&amp;redirect_url=https%3A%2F%2Fwww.yelp.com%2Fbiz%2Fvita-bakes-atlanta&amp;request_id=e79ca045e5a6d449&amp;signature=d6ea68a8fc8cb6f566bbf912bd20e0a89e220ec5da91b1c65b99209c86fff917&amp;slot=2"
      },
      "thumbnail": "https://s3-media0.fl.yelpcdn.com/bphoto/zW8tMbSkgAyALB1dPr2aOw/348s.jpg"
    }
  ],
  "ads_results": [
    {
      "place_ids": [
        "jqy4gp-Hysad2AmG_ft8UQ",
        "starbucks-atlanta-89"
      ],
      "title": "Starbucks",
      "link": "https://www.yelp.com/adredir?ad_business_id=jqy4gp-Hysad2AmG_ft8UQ&amp;campaign_id=OXWHJpBisLAbHEfN0E0Ilw&amp;click_origin=search_results&amp;placement=vertical_0&amp;placement_slot=1&amp;redirect_url=https%3A%2F%2Fwww.yelp.com%2Fbiz%2Fstarbucks-atlanta-89&amp;request_id=e79ca045e5a6d449&amp;signature=a761f1b5ffb689023b16dc5d66afbb214e5af8606e84bf53c71991aa44138391&amp;slot=0",
      "reviews_link": "https://serpapi.com/search.json?engine=yelp_reviews&num=50&place_id=jqy4gp-Hysad2AmG_ft8UQ&start=10",
      "categories": [
        {
          "title": "Coffee & Tea",
          "link": "https://www.yelp.com/search?find_desc=Coffee+%26+Tea&amp;find_loc=Atlanta%2C+GA"
        }
      ],
      "reviews": 77,
      "neighborhoods": "Downtown",
      "phone": "(470) 829-9280",
      "snippet": "Pick up your favorite spring handcrafted beverage or try something new. Order on the Starbucks® app &amp; pick up today.",
      "button": {
        "text": "Get Directions",
        "link": "https://www.yelp.com/adredir?ad_business_id=jqy4gp-Hysad2AmG_ft8UQ&amp;click_origin=search_results_direction&amp;placement=vertical_0&amp;placement_slot=1&amp;redirect_url=https%3A%2F%2Fwww.yelp.com%2Fmap%2Fstarbucks-atlanta-89&amp;request_id=e79ca045e5a6d449&amp;signature=2169f6d367b9aae9186aef847c8e43ccc866b360d74dacafdf24b72e594f4f96&amp;slot=0"
      },
      "thumbnail": "https://s3-media0.fl.yelpcdn.com/bphoto/z8FeWEssMfUHbhby6xBYnw/ls.jpg"
    },
    {
      "place_ids": [
        "cu122j6S7nP5lN1YOkzV0A",
        "capital-one-caf%C3%A9-atlanta-2"
      ],
      "title": "Capital One Café",
      "link": "https://www.yelp.com/adredir?ad_business_id=cu122j6S7nP5lN1YOkzV0A&amp;campaign_id=vHXh22Xpi1K159IdkiS43Q&amp;click_origin=search_results&amp;placement=vertical_0&amp;placement_slot=1&amp;redirect_url=https%3A%2F%2Fwww.yelp.com%2Fbiz%2Fcapital-one-caf%25C3%25A9-atlanta-2&amp;request_id=e79ca045e5a6d449&amp;signature=485ebb4807c1802791a785f7b7dde5690ba683f4aaab5ba5e253e221774137c0&amp;slot=1",
      "reviews_link": "https://serpapi.com/search.json?engine=yelp_reviews&num=50&place_id=cu122j6S7nP5lN1YOkzV0A&start=10",
      "categories": [
        {
          "title": "Coffee & Tea",
          "link": "https://www.yelp.com/search?find_desc=Coffee+%26+Tea&amp;find_loc=Atlanta%2C+GA"
        },
        {
          "title": "Internet Cafes",
          "link": "https://www.yelp.com/search?find_desc=Internet+Cafes&amp;find_loc=Atlanta%2C+GA"
        },
        {
          "title": "Banks & Credit Unions",
          "link": "https://www.yelp.com/search?find_desc=Banks+%26+Credit+Unions&amp;find_loc=Atlanta%2C+GA"
        }
      ],
      "rating": 4.9,
      "reviews": 14,
      "neighborhoods": "Buckhead",
      "phone": "(470) 408-7957",
      "snippet": "This review is more than well deserved. On Nov.11.2020 my mother and I were visiting this location to pay money on our credit cards and upon walking up there was a young man who…",
      "button": {
        "text": "Get Directions",
        "link": "https://www.yelp.com/adredir?ad_business_id=cu122j6S7nP5lN1YOkzV0A&amp;click_origin=search_results_direction&amp;placement=vertical_0&amp;placement_slot=1&amp;redirect_url=https%3A%2F%2Fwww.yelp.com%2Fmap%2Fcapital-one-caf%25C3%25A9-atlanta-2&amp;request_id=e79ca045e5a6d449&amp;signature=0b73a2196205252956fed779d6917b7aa725f2e9113de8d7531af14cb0927e9c&amp;slot=1"
      },
      "thumbnail": "https://s3-media0.fl.yelpcdn.com/bphoto/MapvGsTC9XzUnRTutwIbzQ/ls.jpg"
    },
    {
      "place_ids": [
        "D61uA1bA4OJWdlSiqtlL1A",
        "sweet-red-peach-atlanta"
      ],
      "title": "Sweet Red Peach",
      "link": "https://www.yelp.com/adredir?ad_business_id=D61uA1bA4OJWdlSiqtlL1A&amp;campaign_id=kRtfZxvfc9J4sWuoe9uTMw&amp;click_origin=search_results&amp;placement=vertical_0&amp;placement_slot=1&amp;redirect_url=https%3A%2F%2Fwww.yelp.com%2Fbiz%2Fsweet-red-peach-atlanta&amp;request_id=e79ca045e5a6d449&amp;signature=5cb13c94585acc7b6de0d3a9d0955737b8587c9a4ecc32e0f6d4cef2179bdebf&amp;slot=2",
      "reviews_link": "https://serpapi.com/search.json?engine=yelp_reviews&num=50&place_id=D61uA1bA4OJWdlSiqtlL1A&start=10",
      "categories": [
        {
          "title": "Desserts",
          "link": "https://www.yelp.com/search?find_desc=Desserts&amp;find_loc=Atlanta%2C+GA"
        },
        {
          "title": "Cupcakes",
          "link": "https://www.yelp.com/search?find_desc=Cupcakes&amp;find_loc=Atlanta%2C+GA"
        },
        {
          "title": "Custom Cakes",
          "link": "https://www.yelp.com/search?find_desc=Custom+Cakes&amp;find_loc=Atlanta%2C+GA"
        }
      ],
      "rating": 4.0,
      "reviews": 8,
      "neighborhoods": "West End",
      "highlights": [
        "Women-owned & operated",
        "Minority-owned & operated",
        "Family-owned & operated",
        "Free parking",
        "Outdoor seating",
        "Vegan friendly"
      ],
      "phone": "(404) 228-3190",
      "snippet": "We offer old school custom cakes and pastries at the Lee and White Food Hall in the Westend off the Beltline.",
      "button": {
        "text": "Start Order",
        "link": "https://www.yelp.com/adredir?ad_business_id=D61uA1bA4OJWdlSiqtlL1A&amp;click_origin=search_results_platform&amp;placement=vertical_0&amp;placement_slot=1&amp;redirect_url=https%3A%2F%2Fwww.yelp.com%2Fbiz%2Fsweet-red-peach-atlanta%3Fshow_platform_modal%3DTrue&amp;request_id=e79ca045e5a6d449&amp;signature=c68f347e52008fe3f7554816a3bf04eec54f1078f3307fe8d28a000eaa4abf0f&amp;slot=2"
      },
      "thumbnail": "https://s3-media0.fl.yelpcdn.com/bphoto/m9OlQDYDFN4ON7-g4lcDmw/348s.jpg"
    },
    {
      "place_ids": [
        "nVcZG0faEa5KER8WOjWbXg",
        "vita-bakes-atlanta"
      ],
      "title": "Vita Bakes",
      "link": "https://www.yelp.com/adredir?ad_business_id=nVcZG0faEa5KER8WOjWbXg&amp;campaign_id=U21OFO9QvEEcJvFNFj1FBw&amp;click_origin=search_results&amp;placement=vertical_0&amp;placement_slot=1&amp;redirect_url=https%3A%2F%2Fwww.yelp.com%2Fbiz%2Fvita-bakes-atlanta&amp;request_id=e79ca045e5a6d449&amp;signature=2dd7c83406ac2f99e5721b0979d347592ddca8ffdd46dbdfdc759024c1cf3f59&amp;slot=3",
      "reviews_link": "https://serpapi.com/search.json?engine=yelp_reviews&num=50&place_id=nVcZG0faEa5KER8WOjWbXg&start=10",
      "categories": [
        {
          "title": "Cupcakes",
          "link": "https://www.yelp.com/search?find_desc=Cupcakes&amp;find_loc=Atlanta%2C+GA"
        },
        {
          "title": "Desserts",
          "link": "https://www.yelp.com/search?find_desc=Desserts&amp;find_loc=Atlanta%2C+GA"
        },
        {
          "title": "Custom Cakes",
          "link": "https://www.yelp.com/search?find_desc=Custom+Cakes&amp;find_loc=Atlanta%2C+GA"
        }
      ],
      "reviews": 1,
      "phone": "(678) 308-6076",
      "snippet": "Because every cake has a story to tell!! We specialize in Customized Cakes, Cupcakes, Cake pops, Embellished rice crisps, Donuts. We do dessert table too.",
      "thumbnail": "https://s3-media0.fl.yelpcdn.com/bphoto/zW8tMbSkgAyALB1dPr2aOw/348s.jpg"
    },
    {
      "place_ids": [
        "yCjj3MNoKgJxRA1FZ7l4Tw",
        "sweet-red-peach-atlanta-2"
      ],
      "title": "Sweet Red Peach",
      "link": "https://www.yelp.com/adredir?ad_business_id=yCjj3MNoKgJxRA1FZ7l4Tw&amp;campaign_id=zxfi_2KJrEoHJHWPo7IBcQ&amp;click_origin=search_results&amp;placement=vertical_0&amp;placement_slot=1&amp;redirect_url=https%3A%2F%2Fwww.yelp.com%2Fbiz%2Fsweet-red-peach-atlanta-2&amp;request_id=e79ca045e5a6d449&amp;signature=79454efc65b47795d47e734cd35d12348130f2268dd1ded81010fcdfb7de19d3&amp;slot=4",
      "reviews_link": "https://serpapi.com/search.json?engine=yelp_reviews&num=50&place_id=yCjj3MNoKgJxRA1FZ7l4Tw&start=10",
      "categories": [
        {
          "title": "Bakeries",
          "link": "https://www.yelp.com/search?find_desc=Bakeries&amp;find_loc=Atlanta%2C+GA"
        },
        {
          "title": "Cupcakes",
          "link": "https://www.yelp.com/search?find_desc=Cupcakes&amp;find_loc=Atlanta%2C+GA"
        },
        {
          "title": "Desserts",
          "link": "https://www.yelp.com/search?find_desc=Desserts&amp;find_loc=Atlanta%2C+GA"
        }
      ],
      "neighborhoods": "Downtown",
      "phone": "(404) 963-1802",
      "snippet": "We are located in the heart of Atlanta. We make everything in house using only the finest quality ingredients. From our incredibly tender and flakey pie crust, down to our homemade…",
      "thumbnail": "https://s3-media0.fl.yelpcdn.com/bphoto/VCBrXI_91csa5gsogQ_PdA/348s.jpg"
    },
    {
      "place_ids": [
        "PQXQ7oSixbWpHO0kmeZiJA",
        "kings-popcorn-and-treats-atlanta"
      ],
      "title": "Kings Popcorn and Treats",
      "link": "https://www.yelp.com/adredir?ad_business_id=PQXQ7oSixbWpHO0kmeZiJA&amp;campaign_id=pnkUvGHZaY4LfDVK8LgAag&amp;click_origin=search_results&amp;placement=vertical_0&amp;placement_slot=1&amp;redirect_url=https%3A%2F%2Fwww.yelp.com%2Fbiz%2Fkings-popcorn-and-treats-atlanta&amp;request_id=e79ca045e5a6d449&amp;signature=25140b62c8940ea43f91a82d29aa9b1b20f44361543ca326e6c17876a464d1f0&amp;slot=5",
      "reviews_link": "https://serpapi.com/search.json?engine=yelp_reviews&num=50&place_id=PQXQ7oSixbWpHO0kmeZiJA&start=10",
      "categories": [
        {
          "title": "Candy Stores",
          "link": "https://www.yelp.com/search?find_desc=Candy+Stores&amp;find_loc=Atlanta%2C+GA"
        },
        {
          "title": "Desserts",
          "link": "https://www.yelp.com/search?find_desc=Desserts&amp;find_loc=Atlanta%2C+GA"
        },
        {
          "title": "Popcorn Shops",
          "link": "https://www.yelp.com/search?find_desc=Popcorn+Shops&amp;find_loc=Atlanta%2C+GA"
        }
      ],
      "rating": 5.0,
      "reviews": 2,
      "phone": "(404) 593-8656",
      "snippet": "We sell the best gourmet popcorn in the city with 15 custom flavors. We offer cake slice and house made candy, along with the best fried pork skins and they’re made to order.",
      "thumbnail": "https://s3-media0.fl.yelpcdn.com/bphoto/3GPOnyWlqSFLO61Vhg8TPw/348s.jpg"
    },
    {
      "place_ids": [
        "7R5VMjXQV7HB-dDurXzPfA",
        "nothing-bundt-cakes-atlanta"
      ],
      "title": "Nothing Bundt Cakes",
      "link": "https://www.yelp.com/adredir?ad_business_id=7R5VMjXQV7HB-dDurXzPfA&amp;campaign_id=5g55ebl750Xrv4KNL_3YPg&amp;click_origin=search_results&amp;placement=vertical_0&amp;placement_slot=1&amp;redirect_url=https%3A%2F%2Fwww.yelp.com%2Fbiz%2Fnothing-bundt-cakes-atlanta&amp;request_id=e79ca045e5a6d449&amp;signature=53f2446a4d2030af94d062fd1e79903fb656b63291855c6baa6bf13c0b94ba9a&amp;slot=6",
      "reviews_link": "https://serpapi.com/search.json?engine=yelp_reviews&num=50&place_id=7R5VMjXQV7HB-dDurXzPfA&start=10",
      "categories": [
        {
          "title": "Bakeries",
          "link": "https://www.yelp.com/search?find_desc=Bakeries&amp;find_loc=Atlanta%2C+GA"
        },
        {
          "title": "Cupcakes",
          "link": "https://www.yelp.com/search?find_desc=Cupcakes&amp;find_loc=Atlanta%2C+GA"
        },
        {
          "title": "Desserts",
          "link": "https://www.yelp.com/search?find_desc=Desserts&amp;find_loc=Atlanta%2C+GA"
        }
      ],
      "rating": 4.3,
      "reviews": 10,
      "neighborhoods": "Reynoldstown",
      "phone": "(678) 833-5506",
      "snippet": "I absolutely LOVE Nothing Bundt Cake, so I was very excited to discover this location. I am not sure how long it's been there because it's tucked on the back side of the plaza,…",
      "thumbnail": "https://s3-media0.fl.yelpcdn.com/bphoto/8EyLuVkYf6RAvvg6zrTSSQ/348s.jpg"
    },
    {
      "place_ids": [
        "WHuoeldSOSIlYncy_Ed4zA",
        "bodega-wings-and-phillies-atlanta"
      ],
      "title": "Bodega Wings and Phillies",
      "link": "https://www.yelp.com/adredir?ad_business_id=WHuoeldSOSIlYncy_Ed4zA&amp;campaign_id=otD4-L7QVtiXGSD1N7IfmQ&amp;click_origin=search_results&amp;placement=vertical_0&amp;placement_slot=1&amp;redirect_url=https%3A%2F%2Fwww.yelp.com%2Fbiz%2Fbodega-wings-and-phillies-atlanta&amp;request_id=e79ca045e5a6d449&amp;signature=6200776cd1256caa38e97bd4eb0594e8e235e026566ad21aa4f60a3e2d227619&amp;slot=7",
      "reviews_link": "https://serpapi.com/search.json?engine=yelp_reviews&num=50&place_id=WHuoeldSOSIlYncy_Ed4zA&start=10",
      "categories": [
        {
          "title": "Chicken Wings",
          "link": "https://www.yelp.com/search?find_desc=Chicken+Wings&amp;find_loc=Atlanta%2C+GA"
        },
        {
          "title": "Desserts",
          "link": "https://www.yelp.com/search?find_desc=Desserts&amp;find_loc=Atlanta%2C+GA"
        },
        {
          "title": "Sandwiches",
          "link": "https://www.yelp.com/search?find_desc=Sandwiches&amp;find_loc=Atlanta%2C+GA"
        }
      ],
      "rating": 4.0,
      "reviews": 1,
      "neighborhoods": "Lindbergh",
      "highlights": [
        "Locally owned & operated",
        "Minority-owned & operated",
        "Discounts available",
        "Grab-and-go",
        "Kitchen open late",
        "Casual dining"
      ],
      "phone": "(678) 431-1034",
      "snippet": "Where Phillies, Wings and Desserts Mesh!",
      "button": {
        "text": "Start Order",
        "link": "https://www.yelp.com/adredir?ad_business_id=WHuoeldSOSIlYncy_Ed4zA&amp;click_origin=search_results_platform&amp;placement=vertical_0&amp;placement_slot=1&amp;redirect_url=https%3A%2F%2Fwww.yelp.com%2Fbiz%2Fbodega-wings-and-phillies-atlanta%3Fshow_platform_modal%3DTrue&amp;request_id=e79ca045e5a6d449&amp;signature=da5f5f7c8b3c828b58be373984ec57f055b42df93e997ee7a7da8085d4149867&amp;slot=7"
      },
      "thumbnail": "https://s3-media0.fl.yelpcdn.com/bphoto/ICwrs-M_PB5cseXaRWxvoQ/348s.jpg"
    },
    {
      "block_position": "bottom",
      "place_ids": [
        "K_K4GVqOfe0zGMgsnG-17Q",
        "heidis-heavenly-cookies-alpharetta"
      ],
      "title": "Heidi’s Heavenly Cookies",
      "link": "https://www.yelp.com/adredir?ad_business_id=K_K4GVqOfe0zGMgsnG-17Q&amp;campaign_id=0mGTJJ932_F9TuBeYVNwPg&amp;click_origin=search_results&amp;placement=below_search&amp;placement_slot=2&amp;redirect_url=https%3A%2F%2Fwww.yelp.com%2Fbiz%2Fheidis-heavenly-cookies-alpharetta&amp;request_id=e79ca045e5a6d449&amp;signature=e02280a450b200e30869042596880f44b9feee8f0781cd2b64fed7486126c3ad&amp;slot=0",
      "reviews_link": "https://serpapi.com/search.json?engine=yelp_reviews&num=50&place_id=K_K4GVqOfe0zGMgsnG-17Q&start=10",
      "categories": [
        {
          "title": "Bakeries",
          "link": "https://www.yelp.com/search?find_desc=Bakeries&amp;find_loc=Atlanta%2C+GA"
        },
        {
          "title": "Desserts",
          "link": "https://www.yelp.com/search?find_desc=Desserts&amp;find_loc=Atlanta%2C+GA"
        }
      ],
      "rating": 4.9,
      "reviews": 56,
      "highlights": [
        "21 years in business",
        "Women-owned & operated",
        "Locally owned & operated"
      ],
      "phone": "(938) 526-2026",
      "snippet": "Y. U. M !!!! Yep, it's just like the name says, \"heavenly\"! We selected the package that comes with most every flavor of cookie on the menu, and each one was unique and delicious.…",
      "button": {
        "text": "View Website",
        "link": "https://www.yelp.com/adredir?ad_business_id=K_K4GVqOfe0zGMgsnG-17Q&amp;campaign_id=0mGTJJ932_F9TuBeYVNwPg&amp;click_origin=search_results_visit_website&amp;placement=below_search&amp;placement_slot=2&amp;redirect_url=https%3A%2F%2Fwww.yelp.com%2Fbiz_redir%3Fcachebuster%3D1710172139%26s%3D7d668a58d53abff2ca6f490847c4c0090f7b3bf4d7bf762d6dc602ce075062d0%26src_bizid%3DK_K4GVqOfe0zGMgsnG-17Q%26url%3Dhttp%253A%252F%252Fwww.heidisheavenlycookies.com%26website_link_type%3Dwebsite&amp;request_id=e79ca045e5a6d449&amp;signature=ec5884c32f144a84864689d7656fc73c06786090e73766861fd68c8f93412ff6&amp;slot=0"
      },
      "thumbnail": "https://s3-media0.fl.yelpcdn.com/bphoto/n6jFF02FHzaeKiFVAG2ILw/348s.jpg"
    }
  ],
  "organic_results": [
    {
      "position": 11,
      "place_ids": [
        "7895YHS5qGu03R-C6aYg9g",
        "the-optimist-atlanta"
      ],
      "title": "The Optimist",
      "link": "https://www.yelp.com/biz/the-optimist-atlanta",
      "reviews_link": "https://serpapi.com/search.json?engine=yelp_reviews&num=50&place_id=7895YHS5qGu03R-C6aYg9g&start=10",
      "categories": [
        {
          "title": "Seafood",
          "link": "https://www.yelp.com/search?find_desc=Seafood&amp;find_loc=Atlanta%2C+GA"
        },
        {
          "title": "Cocktail Bars",
          "link": "https://www.yelp.com/search?find_desc=Cocktail+Bars&amp;find_loc=Atlanta%2C+GA"
        },
        {
          "title": "Beer Bar",
          "link": "https://www.yelp.com/search?find_desc=Beer+Bar&amp;find_loc=Atlanta%2C+GA"
        }
      ],
      "price": "$$$",
      "rating": 4.3,
      "reviews": 2202,
      "neighborhoods": "Westside / Home Park",
      "phone": "(404) 477-6260",
      "snippet": "I had such a great dinning experience at The Optimist. The restaurant was a bit busy on Saturday, so reservations are best. It is pretty big inside, which was…",
      "thumbnail": "https://s3-media0.fl.yelpcdn.com/bphoto/hN890hejDu5Pk1_TmTnx9w/348s.jpg"
    },
    {
      "position": 12,
      "place_ids": [
        "EmJOkTKIwgm7QJbls7hN3w",
        "seven-lamps-atlanta"
      ],
      "title": "Seven Lamps",
      "link": "https://www.yelp.com/biz/seven-lamps-atlanta",
      "reviews_link": "https://serpapi.com/search.json?engine=yelp_reviews&num=50&place_id=EmJOkTKIwgm7QJbls7hN3w&start=10",
      "categories": [
        {
          "title": "New American",
          "link": "https://www.yelp.com/search?find_desc=New+American&amp;find_loc=Atlanta%2C+GA"
        },
        {
          "title": "Seafood",
          "link": "https://www.yelp.com/search?find_desc=Seafood&amp;find_loc=Atlanta%2C+GA"
        }
      ],
      "price": "$$",
      "rating": 4.1,
      "reviews": 1075,
      "neighborhoods": "Buckhead",
      "phone": "(404) 467-8950",
      "snippet": "Inside was full, so my friend and I opted to sit outside. The weather was nice, so the seating was fitting. At first we were disappointed, because the smoke…",
      "thumbnail": "https://s3-media0.fl.yelpcdn.com/bphoto/jdY_ZkXcPJwvAruBBbKZ-w/348s.jpg"
    },
    {
      "position": 13,
      "place_ids": [
        "24VAjD2pvFPJw5puUx2khA",
        "fia-restaurant-atlanta"
      ],
      "title": "Fia Restaurant",
      "link": "https://www.yelp.com/biz/fia-restaurant-atlanta",
      "reviews_link": "https://serpapi.com/search.json?engine=yelp_reviews&num=50&place_id=24VAjD2pvFPJw5puUx2khA&start=10",
      "categories": [
        {
          "title": "New American",
          "link": "https://www.yelp.com/search?find_desc=New+American&amp;find_loc=Atlanta%2C+GA"
        },
        {
          "title": "Mediterranean",
          "link": "https://www.yelp.com/search?find_desc=Mediterranean&amp;find_loc=Atlanta%2C+GA"
        }
      ],
      "price": "$$$",
      "rating": 4.5,
      "reviews": 196,
      "neighborhoods": "Buckhead",
      "highlights": [
        "Locally sourced ingredients",
        "Healthy dining",
        "Full bar",
        "Romantic vibe",
        "Casual dining",
        "Outdoor seating"
      ],
      "phone": "(404) 949-1450",
      "snippet": "Fia is amazing. Starting with the ambience: from the wood burning stoves in the background to the unique decor that was relaxing and set the tone. Only…",
      "thumbnail": "https://s3-media0.fl.yelpcdn.com/bphoto/0EoODpchz9c49Y6XoCquOQ/348s.jpg"
    },
    {
      "position": 14,
      "place_ids": [
        "9TLfCS60bIu5DLY4JBfNLw",
        "lazy-betty-atlanta-2"
      ],
      "title": "Lazy Betty - Temp. CLOSED",
      "link": "https://www.yelp.com/biz/lazy-betty-atlanta-2",
      "reviews_link": "https://serpapi.com/search.json?engine=yelp_reviews&num=50&place_id=9TLfCS60bIu5DLY4JBfNLw&start=10",
      "categories": [
        {
          "title": "New American",
          "link": "https://www.yelp.com/search?find_desc=New+American&amp;find_loc=Atlanta%2C+GA"
        }
      ],
      "price": "$$$$",
      "rating": 4.5,
      "reviews": 246,
      "neighborhoods": "Midtown",
      "phone": "(470) 851-1199",
      "snippet": "This year I have an ambitious goal to eat at all 45 of the Michelin Guide recommended restaurants in Atlanta. I'm happy to say that I started here. I made a…",
      "thumbnail": "https://s3-media0.fl.yelpcdn.com/bphoto/Uf2bsSqs8sdWBixJwJQNlg/348s.jpg"
    },
    {
      "position": 15,
      "place_ids": [
        "WkN8Z2Q8gbhjjkCt8cDVxg",
        "two-urban-licks-atlanta"
      ],
      "title": "Two Urban Licks",
      "link": "https://www.yelp.com/biz/two-urban-licks-atlanta",
      "reviews_link": "https://serpapi.com/search.json?engine=yelp_reviews&num=50&place_id=WkN8Z2Q8gbhjjkCt8cDVxg&start=10",
      "categories": [
        {
          "title": "Bars",
          "link": "https://www.yelp.com/search?find_desc=Bars&amp;find_loc=Atlanta%2C+GA"
        },
        {
          "title": "New American",
          "link": "https://www.yelp.com/search?find_desc=New+American&amp;find_loc=Atlanta%2C+GA"
        }
      ],
      "price": "$$$",
      "rating": 3.9,
      "reviews": 3421,
      "neighborhoods": "Poncey-Highland",
      "phone": "(404) 522-4622",
      "snippet": "Visits: 2022 x 2 Review finished: 3/2024 Unfortunately I am attempting to finish this review in 2024, long after visiting this establishment so I do not…",
      "thumbnail": "https://s3-media0.fl.yelpcdn.com/bphoto/4dctCSny7AboWCCKLFXbyA/348s.jpg"
    },
    {
      "position": 16,
      "place_ids": [
        "_lEHolD7sVt4-SnbuuAgcA",
        "eight-sushi-lounge-atlanta"
      ],
      "title": "Eight Sushi Lounge",
      "link": "https://www.yelp.com/biz/eight-sushi-lounge-atlanta",
      "reviews_link": "https://serpapi.com/search.json?engine=yelp_reviews&num=50&place_id=_lEHolD7sVt4-SnbuuAgcA&start=10",
      "categories": [
        {
          "title": "Sushi Bars",
          "link": "https://www.yelp.com/search?find_desc=Sushi+Bars&amp;find_loc=Atlanta%2C+GA"
        },
        {
          "title": "Lounges",
          "link": "https://www.yelp.com/search?find_desc=Lounges&amp;find_loc=Atlanta%2C+GA"
        },
        {
          "title": "Japanese",
          "link": "https://www.yelp.com/search?find_desc=Japanese&amp;find_loc=Atlanta%2C+GA"
        }
      ],
      "price": "$$",
      "rating": 4.5,
      "reviews": 1389,
      "neighborhoods": "Westside / Home Park",
      "phone": "(404) 796-8888",
      "snippet": "Best New speak easy to west Midtown, The pictured drink is THE EIGHT. Heard about it through a friend who went to the soft opening. Beautiful place. Staff is…",
      "thumbnail": "https://s3-media0.fl.yelpcdn.com/bphoto/uPloO8xqqJhGUz0WlruWTg/348s.jpg"
    },
    {
      "position": 17,
      "place_ids": [
        "57d0Gmx4JKuKQWyJYu0yfg",
        "jinya-ramen-bar-buckhead-atlanta"
      ],
      "title": "JINYA Ramen Bar - Buckhead",
      "link": "https://www.yelp.com/biz/jinya-ramen-bar-buckhead-atlanta",
      "reviews_link": "https://serpapi.com/search.json?engine=yelp_reviews&num=50&place_id=57d0Gmx4JKuKQWyJYu0yfg&start=10",
      "categories": [
        {
          "title": "Ramen",
          "link": "https://www.yelp.com/search?find_desc=Ramen&amp;find_loc=Atlanta%2C+GA"
        },
        {
          "title": "Noodles",
          "link": "https://www.yelp.com/search?find_desc=Noodles&amp;find_loc=Atlanta%2C+GA"
        }
      ],
      "price": "$$",
      "rating": 4.5,
      "reviews": 1221,
      "neighborhoods": "Buckhead",
      "highlights": [
        "Live wait time: 0 mins"
      ],
      "phone": "(404) 254-4770",
      "snippet": "I'm proud to announce I'm a fan of JINYA Ramen Bar - Buckhead! So far, I've eaten here twice, as recently as last night. We went in the evening, a little…",
      "button": {
        "text": "Start Order",
        "link": "https://www.yelp.com/biz/57d0Gmx4JKuKQWyJYu0yfg?show_platform_modal=True"
      },
      "thumbnail": "https://s3-media0.fl.yelpcdn.com/bphoto/4x8wl32w_mVpj7A-F_L5xA/348s.jpg"
    },
    {
      "position": 18,
      "place_ids": [
        "flrsv0dum7T68jy7QSDRKw",
        "marcel-atlanta"
      ],
      "title": "Marcel",
      "link": "https://www.yelp.com/biz/marcel-atlanta",
      "reviews_link": "https://serpapi.com/search.json?engine=yelp_reviews&num=50&place_id=flrsv0dum7T68jy7QSDRKw&start=10",
      "categories": [
        {
          "title": "Steakhouses",
          "link": "https://www.yelp.com/search?find_desc=Steakhouses&amp;find_loc=Atlanta%2C+GA"
        }
      ],
      "price": "$$$$",
      "rating": 4.4,
      "reviews": 866,
      "neighborhoods": "Westside / Home Park",
      "phone": "(404) 665-4555",
      "snippet": "if you have to choose a classy, sophisticated restaurant to visit in Atlanta, then it has to be Marcel. The decoration/interior is extremely unique and gives…",
      "thumbnail": "https://s3-media0.fl.yelpcdn.com/bphoto/IA8qo1ToY4ZUZQeYxx-JKg/348s.jpg"
    },
    {
      "position": 19,
      "place_ids": [
        "cgONshBaun3xCVyrT_bSIw",
        "roc-south-cuisine-atlanta"
      ],
      "title": "Roc South Cuisine",
      "link": "https://www.yelp.com/biz/roc-south-cuisine-atlanta",
      "reviews_link": "https://serpapi.com/search.json?engine=yelp_reviews&num=50&place_id=cgONshBaun3xCVyrT_bSIw&start=10",
      "categories": [
        {
          "title": "Southern",
          "link": "https://www.yelp.com/search?find_desc=Southern&amp;find_loc=Atlanta%2C+GA"
        },
        {
          "title": "Bars",
          "link": "https://www.yelp.com/search?find_desc=Bars&amp;find_loc=Atlanta%2C+GA"
        },
        {
          "title": "Seafood",
          "link": "https://www.yelp.com/search?find_desc=Seafood&amp;find_loc=Atlanta%2C+GA"
        }
      ],
      "price": "$$",
      "rating": 4.4,
      "reviews": 748,
      "phone": "(404) 481-5915",
      "snippet": "Great food, great drinks, great ambience! I would definitely recommend this place and make sure to try the cornbread",
      "thumbnail": "https://s3-media0.fl.yelpcdn.com/bphoto/wgngRWuqMQ5Xe2KYIDxLYg/348s.jpg"
    },
    {
      "position": 20,
      "place_ids": [
        "S9NvWyHUPsuYK7ObMV43pA",
        "desta-ethiopian-kitchen-atlanta"
      ],
      "title": "Desta Ethiopian Kitchen",
      "link": "https://www.yelp.com/biz/desta-ethiopian-kitchen-atlanta",
      "reviews_link": "https://serpapi.com/search.json?engine=yelp_reviews&num=50&place_id=S9NvWyHUPsuYK7ObMV43pA&start=10",
      "categories": [
        {
          "title": "Ethiopian",
          "link": "https://www.yelp.com/search?find_desc=Ethiopian&amp;find_loc=Atlanta%2C+GA"
        },
        {
          "title": "Desserts",
          "link": "https://www.yelp.com/search?find_desc=Desserts&amp;find_loc=Atlanta%2C+GA"
        },
        {
          "title": "Sandwiches",
          "link": "https://www.yelp.com/search?find_desc=Sandwiches&amp;find_loc=Atlanta%2C+GA"
        }
      ],
      "price": "$$",
      "rating": 4.5,
      "reviews": 2177,
      "phone": "(404) 929-0011",
      "snippet": "As always Desta is NEVER disappointing! I forgot to add pictures of the Sambusa (lentils &amp; beef crispy dough treats) because they are sooo good they are eaten…",
      "button": {
        "text": "Start Order",
        "link": "https://www.yelp.com/biz/S9NvWyHUPsuYK7ObMV43pA?show_platform_modal=True"
      },
      "thumbnail": "https://s3-media0.fl.yelpcdn.com/bphoto/ubdZEz867Suv6ByrMvo15w/348s.jpg"
    }
  ],
  "pagination": {
    "previous": "https://www.yelp.com#",
    "next": "https://www.yelp.com/search?find_loc=Atlanta%2C+GA&start=20"
  },
  "serpapi_pagination": {
    "current": null,
    "previous_link": "https://serpapi.com/search.json?engine=yelp&find_loc=Atlanta%2C+GA&start=10",
    "previous": "https://serpapi.com/search.json?engine=yelp&find_loc=Atlanta%2C+GA&start=10",
    "next_link": "https://serpapi.com/search.json?engine=yelp&find_loc=Atlanta%2C+GA&start=20",
    "next": "https://serpapi.com/search.json?engine=yelp&find_loc=Atlanta%2C+GA&start=20"
  }
}