{
  "search_metadata": {
    "id": "65ef28579f55b3111da03954",
    "status": "Success",
    "json_endpoint": "https://serpapi.com/searches/1303303f9602a038/65ef28579f55b3111da03954.json",
    "created_at": "2024-03-11 15:50:47 UTC",
    "processed_at": "2024-03-11 15:50:47 UTC",
    "yelp_url": "https://www.yelp.com/search?find_loc=Atlanta%2C+GA&start=20",
    "raw_html_file": "https://serpapi.com/searches/1303303f9602a038/65ef28579f55b3111da03954.html",
    "total_time_taken": 2.55
  },
  "search_parameters": {
    "engine": "yelp",
    "find_loc": "Atlanta, GA",
    "start": 20
  },
  "filters": {
    "neighborhoods": {
      "value": "p:GA:Atlanta::",
      "list": [
        {
          "text": "Morningside / Lenox Park",
          "value": "Morningside_/_Lenox_Park"
        },
        {
          "text": "Georgia Tech",
          "value": "Georgia_Tech"
        },
        {
          "text": "Virginia Highland",
          "value": "Virginia_Highland"
        },
        {
          "text": "Cabbagetown",
          "value": "Cabbagetown"
        },
        {
          "text": "Lake Claire",
          "value": "Lake_Claire"
        },
        {
          "text": "Little Five Points",
          "value": "Little_Five_Points"
        },
        {
          "text": "Midtown",
          "value": "Midtown"
        },
        {
          "text": "Kirkwood",
          "value": "Kirkwood"
        },
        {
          "text": "Reynoldstown",
          "value": "Reynoldstown"
        },
        {
          "text": "Lindbergh",
          "value": "Lindbergh"
        },
        {
          "text": "Druid Hills",
          "value": "Druid_Hills"
        },
        {
          "text": "Ormewood Park",
          "value": "Ormewood_Park"
        },
        {
          "text": "Candler Park",
          "value": "Candler_Park"
        },
        {
          "text": "Atlantic Station",
          "value": "Atlantic_Station"
        },
        {
          "text": "East Lake",
          "value": "East_Lake"
        },
        {
          "text": "East Atlanta Village",
          "value": "East_Atlanta_Village"
        },
        {
          "text": "Downtown",
          "value": "Downtown"
        },
        {
          "text": "Emory Village",
          "value": "Emory_Village"
        },
        {
          "text": "West End",
          "value": "West_End"
        },
        {
          "text": "Ansley Park",
          "value": "Ansley_Park"
        },
        {
          "text": "Poncey-Highland",
          "value": "Poncey-Highland"
        },
        {
          "text": "Edgewood",
          "value": "Edgewood"
        },
        {
          "text": "Old Fourth Ward",
          "value": "Old_Fourth_Ward"
        },
        {
          "text": "Grant Park",
          "value": "Grant_Park"
        },
        {
          "text": "West Paces Ferry / Northside",
          "value": "West_Paces_Ferry_/_Northside"
        },
        {
          "text": "Buckhead",
          "value": "Buckhead"
        },
        {
          "text": "Centennial Place",
          "value": "Centennial_Place"
        },
        {
          "text": "Castleberry Hill",
          "value": "Castleberry_Hill"
        },
        {
          "text": "Westside / Home Park",
          "value": "Westside_/_Home_Park"
        },
        {
          "text": "Inman Park",
          "value": "Inman_Park"
        }
      ]
    },
    "distance": [
      {
        "text": "Bird's-eye View",
        "value": "g:-84.47593688964844,33.72776616734189,-84.27131652832031,33.89891688437141"
      },
      {
        "text": "Driving (5 mi.)",
        "value": "g:-84.4247817993164,33.77030054809328,-84.32247161865234,33.85587620512014"
      },
      {
        "text": "Biking (2 mi.)",
        "value": "g:-84.39920425415039,33.79184514875722,-84.34804916381836,33.834632907576776"
      },
      {
        "text": "Walking (1 mi.)",
        "value": "g:-84.38641548156738,33.80254409475938,-84.36083793640137,33.82393797437476"
      },
      {
        "text": "Within 4 blocks",
        "value": "g:-84.37682390213013,33.81053176901896,-84.37042951583862,33.81588024116821"
      }
    ],
    "price": [
      {
        "text": "$",
        "value": "RestaurantsPriceRange2.1"
      },
      {
        "text": "$$",
        "value": "RestaurantsPriceRange2.2"
      },
      {
        "text": "$$$",
        "value": "RestaurantsPriceRange2.3"
      },
      {
        "text": "$$$$",
        "value": "RestaurantsPriceRange2.4"
      }
    ],
    "features": [
      {
        "text": "Liked by 40-somethings",
        "value": "LikedByForties"
      },
      {
        "text": "Good for Late Night",
        "value": "GoodForMeal.latenight"
      },
      {
        "text": "Good for Dinner",
        "value": "GoodForMeal.dinner"
      },
      {
        "text": "Outdoor Seating",
        "value": "OutdoorSeating"
      },
      {
        "text": "Good for Lunch",
        "value": "GoodForMeal.lunch"
      },
      {
        "text": "Offering a Deal",
        "value": "ActiveDeal"
      },
      {
        "text": "Good for Groups",
        "value": "RestaurantsGoodForGroups"
      },
      {
        "text": "Takes Reservations",
        "value": "RestaurantsReservations"
      },
      {
        "text": "Valet Parking",
        "value": "BusinessParking.valet"
      },
      {
        "text": "Has TV",
        "value": "HasTV"
      },
      {
        "text": "Music: Jukebox",
        "value": "Music.jukebox"
      },
      {
        "text": "Smoking Outside Only",
        "value": "Smoking.outdoor"
      },
      {
        "text": "Good for Kids",
        "value": "GoodForKids"
      },
      {
        "text": "Street Parking",
        "value": "BusinessParking.street"
      },
      {
        "text": "Waiter Service",
        "value": "RestaurantsTableService"
      },
      {
        "text": "Free Wi-Fi",
        "value": "WiFi.free"
      },
      {
        "text": "Accepts Credit Cards",
        "value": "BusinessAcceptsCreditCards"
      },
      {
        "text": "Offers Takeout",
        "value": "RestaurantsTakeOut"
      },
      {
        "text": "Music: DJ",
        "value": "Music.dj"
      },
      {
        "text": "Smoking Allowed",
        "value": "Smoking.yes"
      },
      {
        "text": "Private Lot Parking",
        "value": "BusinessParking.lot"
      },
      {
        "text": "Open Now",
        "value": "open_now"
      },
      {
        "text": "Good For Happy Hour",
        "value": "HappyHour"
      },
      {
        "text": "Music: Karaoke",
        "value": "Music.karaoke"
      },
      {
        "text": "Offers Delivery",
        "value": "RestaurantsDelivery"
      },
      {
        "text": "Hot and New",
        "value": "NewBusiness"
      },
      {
        "text": "Accepts Cryptocurrency",
        "value": "BusinessAcceptsBitcoin"
      },
      {
        "text": "Gender-neutral restrooms",
        "value": "GenderNeutralRestrooms"
      },
      {
        "text": "Good for Dessert",
        "value": "GoodForMeal.dessert"
      },
      {
        "text": "Full Bar",
        "value": "Alcohol.full_bar"
      },
      {
        "text": "Validated Parking",
        "value": "BusinessParking.validated"
      },
      {
        "text": "Garage Parking",
        "value": "BusinessParking.garage"
      },
      {
        "text": "Good for Brunch",
        "value": "GoodForMeal.brunch"
      },
      {
        "text": "Accepts Apple Pay",
        "value": "BusinessAcceptsApplePay"
      },
      {
        "text": "Paid Wi-Fi",
        "value": "WiFi.paid"
      },
      {
        "text": "Coat Check",
        "value": "CoatCheck"
      },
      {
        "text": "Dogs Allowed",
        "value": "DogsAllowed"
      },
      {
        "text": "Wheelchair Accessible",
        "value": "WheelchairAccessible"
      },
      {
        "text": "No Smoking",
        "value": "Smoking.no"
      },
      {
        "text": "Liked by 30-somethings",
        "value": "LikedByThirties"
      },
      {
        "text": "Open At:",
        "value": "open_time"
      },
      {
        "text": "Music: Live",
        "value": "Music.live"
      },
      {
        "text": "Waitlist",
        "value": "OnlineWaitlistReservation"
      },
      {
        "text": "Good for Breakfast",
        "value": "GoodForMeal.breakfast"
      },
      {
        "text": "Liked by 20-somethings",
        "value": "LikedByTwenties"
      },
      {
        "text": "Open to All",
        "value": "BusinessOpenToAll"
      },
      {
        "text": "Offers Military Discount",
        "value": "OffersMilitaryDiscount"
      },
      {
        "text": "Beer &amp; Wine Only",
        "value": "Alcohol.beer_and_wine"
      },
      {
        "text": "Reservations",
        "value": "OnlineReservations"
      }
    ],
    "category": [
      {
        "text": "Breakfast & Brunch",
        "value": "breakfast_brunch"
      }
    ]
  },
  "inline_ads": [
    {
      "place_ids": [
        "jqy4gp-Hysad2AmG_ft8UQ",
        "starbucks-atlanta-89"
      ],
      "title": "Starbucks",
      "link": "https://www.yelp.com/adredir?ad_business_id=jqy4gp-Hysad2AmG_ft8UQ&amp;campaign_id=S8WNTere7rmknyuXC3vb8Q&amp;click_origin=search_results&amp;placement=carousel_0&amp;placement_slot=0&amp;redirect_url=https%3A%2F%2Fwww.yelp.com%2Fbiz%2Fstarbucks-atlanta-89&amp;request_id=5e86cee0bdccc778&amp;signature=e7b0d9deb8ecedbeeda7f501ef70ff1b3d3961878a56aec4613790187f31ada8&amp;slot=0",
      "reviews_link": "https://serpapi.com/search.json?engine=yelp_reviews&num=50&place_id=jqy4gp-Hysad2AmG_ft8UQ&start=20",
      "categories": [
        {
          "title": "Coffee & Tea",
          "link": "https://www.yelp.com/search?find_desc=Coffee+%26+Tea&amp;find_loc=Atlanta%2C+GA"
        },
        {
          "title": "Breakfast & Brunch",
          "link": "https://www.yelp.com/search?find_desc=Breakfast+%26+Brunch&amp;find_loc=Atlanta%2C+GA"
        }
      ],
      "reviews": 77,
      "neighborhoods": "Downtown",
      "button": {
        "text": "Get Directions",
        "link": "https://www.yelp.com/adredir?ad_business_id=jqy4gp-Hysad2AmG_ft8UQ&amp;click_origin=search_results_direction&amp;placement=carousel_0&amp;placement_slot=0&amp;redirect_url=https%3A%2F%2Fwww.yelp.com%2Fmap%2Fstarbucks-atlanta-89&amp;request_id=5e86cee0bdccc778&amp;signature=adfb5821bc92851bf1f1975feab04d29b79aa45e6d228049756342ac5d3f7079&amp;slot=0"
      },
      "thumbnail": "https://s3-media0.fl.yelpcdn.com/bphoto/z8FeWEssMfUHbhby6xBYnw/ls.jpg"
    },
    {
      "place_ids": [
        "nVcZG0faEa5KER8WOjWbXg",
        "vita-bakes-atlanta"
      ],
      "title": "Vita Bakes",
      "link": "https://www.yelp.com/adredir?ad_business_id=nVcZG0faEa5KER8WOjWbXg&amp;campaign_id=U21OFO9QvEEcJvFNFj1FBw&amp;click_origin=search_results&amp;placement=carousel_0&amp;placement_slot=0&amp;redirect_url=https%3A%2F%2Fwww.yelp.com%2Fbiz%2Fvita-bakes-atlanta&amp;request_id=5e86cee0bdccc778&amp;signature=0b0085830c5b19ec5484a847374e05e386b4a8790e402c1946ac5f5cd864bb3c&amp;slot=1",
      "reviews_link": "https://serpapi.com/search.json?engine=yelp_reviews&num=50&place_id=nVcZG0faEa5KER8WOjWbXg&start=20",
      "categories": [
        {
          "title": "Desserts",
          "link": "https://www.yelp.com/search?find_desc=Desserts&amp;find_loc=Atlanta%2C+GA"
        },
        {
          "title": "Cupcakes",
          "link": "https://www.yelp.com/search?find_desc=Cupcakes&amp;find_loc=Atlanta%2C+GA"
        },
        {
          "title": "Custom Cakes",
          "link": "https://www.yelp.com/search?find_desc=Custom+Cakes&amp;find_loc=Atlanta%2C+GA"
        }
      ],
      "reviews": 1,
      "button": {
        "text": "View Business",
        "link": "https://www.yelp.com/adredir?ad_business_id=nVcZG0faEa5KER8WOjWbXg&amp;campaign_id=U21OFO9QvEEcJvFNFj1FBw&amp;click_origin=search_results&amp;placement=carousel_0&amp;placement_slot=0&amp;redirect_url=https%3A%2F%2Fwww.yelp.com%2Fbiz%2Fvita-bakes-atlanta&amp;request_id=5e86cee0bdccc778&amp;signature=0b0085830c5b19ec5484a847374e05e386b4a8790e402c1946ac5f5cd864bb3c&amp;slot=1"
      },
      "thumbnail": "https://s3-media0.fl.yelpcdn.com/bphoto/zW8tMbSkgAyALB1dPr2aOw/348s.jpg"
    },
    {
      "place_ids": [
        "WHuoeldSOSIlYncy_Ed4zA",
        "bodega-wings-and-phillies-atlanta"
      ],
      "title": "Bodega Wings and Phillies",
      "link": "https://www.yelp.com/adredir?ad_business_id=WHuoeldSOSIlYncy_Ed4zA&amp;campaign_id=otD4-L7QVtiXGSD1N7IfmQ&amp;click_origin=search_results&amp;placement=carousel_0&amp;placement_slot=0&amp;redirect_url=https%3A%2F%2Fwww.yelp.com%2Fbiz%2Fbodega-wings-and-phillies-atlanta&amp;request_id=5e86cee0bdccc778&amp;signature=f203a659863c6b7cb61d5653966aafb8b67dc5c2bcc3d6e175d7b3ee260afb65&amp;slot=2",
      "reviews_link": "https://serpapi.com/search.json?engine=yelp_reviews&num=50&place_id=WHuoeldSOSIlYncy_Ed4zA&start=20",
      "categories": [
        {
          "title": "Chicken Wings",
          "link": "https://www.yelp.com/search?find_desc=Chicken+Wings&amp;find_loc=Atlanta%2C+GA"
        },
        {
          "title": "Sandwiches",
          "link": "https://www.yelp.com/search?find_desc=Sandwiches&amp;find_loc=Atlanta%2C+GA"
        },
        {
          "title": "Desserts",
          "link": "https://www.yelp.com/search?find_desc=Desserts&amp;find_loc=Atlanta%2C+GA"
        }
      ],
      "rating": 4.0,
      "reviews": 1,
      "neighborhoods": "Lindbergh",
      "highlights": [
        "Locally owned & operated",
        "Minority-owned & operated",
        "Discounts available",
        "Grab-and-go",
        "Kitchen open late",
        "Casual dining"
      ],
      "button": {
        "text": "Order Now",
        "link": "https://www.yelp.com/adredir?ad_business_id=WHuoeldSOSIlYncy_Ed4zA&amp;click_origin=search_results_platform&amp;placement=carousel_0&amp;placement_slot=0&amp;redirect_url=https%3A%2F%2Fwww.yelp.com%2Fbiz%2Fbodega-wings-and-phillies-atlanta%3Fshow_platform_modal%3DTrue&amp;request_id=5e86cee0bdccc778&amp;signature=03635a3d5944116403556f273a8de0b1bd443398d623bdf3a5718403544c781c&amp;slot=2"
      },
      "thumbnail": "https://s3-media0.fl.yelpcdn.com/bphoto/9kJDX9lPohuq8JBTt9m4oA/348s.jpg"
    }
  ],
  "ads_results": [
    {
      "place_ids": [
        "jqy4gp-Hysad2AmG_ft8UQ",
        "starbucks-atlanta-89"
      ],
      "title": "Starbucks",
      "link": "https://www.yelp.com/adredir?ad_business_id=jqy4gp-Hysad2AmG_ft8UQ&amp;campaign_id=S8WNTere7rmknyuXC3vb8Q&amp;click_origin=search_results&amp;placement=vertical_0&amp;placement_slot=1&amp;redirect_url=https%3A%2F%2Fwww.yelp.com%2Fbiz%2Fstarbucks-atlanta-89&amp;request_id=5e86cee0bdccc778&amp;signature=d9c303192eab2dc6864bf59264183539263c980167b52011ddd59b405d4e77af&amp;slot=0",
      "reviews_link": "https://serpapi.com/search.json?engine=yelp_reviews&num=50&place_id=jqy4gp-Hysad2AmG_ft8UQ&start=20",
      "categories": [
        {
          "title": "Breakfast & Brunch",
          "link": "https://www.yelp.com/search?find_desc=Breakfast+%26+Brunch&amp;find_loc=Atlanta%2C+GA"
        },
        {
          "title": "Coffee & Tea",
          "link": "https://www.yelp.com/search?find_desc=Coffee+%26+Tea&amp;find_loc=Atlanta%2C+GA"
        }
      ],
      "reviews": 77,
      "neighborhoods": "Downtown",
      "phone": "(470) 829-9280",
      "snippet": "Pick up your favorite spring handcrafted beverage or try something new. Order on the Starbucks® app &amp; pick up today.",
      "button": {
        "text": "Get Directions",
        "link": "https://www.yelp.com/adredir?ad_business_id=jqy4gp-Hysad2AmG_ft8UQ&amp;click_origin=search_results_direction&amp;placement=vertical_0&amp;placement_slot=1&amp;redirect_url=https%3A%2F%2Fwww.yelp.com%2Fmap%2Fstarbucks-atlanta-89&amp;request_id=5e86cee0bdccc778&amp;signature=0f40599e67df922d7f92372fe5859620697c42a7d4754e45ddfac512937dfe25&amp;slot=0"
      },
      "thumbnail": "https://s3-media0.fl.yelpcdn.com/bphoto/z8FeWEssMfUHbhby6xBYnw/ls.jpg"
    },
    {
      "place_ids": [
        "D61uA1bA4OJWdlSiqtlL1A",
        "sweet-red-peach-atlanta"
      ],
      "title": "Sweet Red Peach",
      "link": "https://www.yelp.com/adredir?ad_business_id=D61uA1bA4OJWdlSiqtlL1A&amp;campaign_id=kRtfZxvfc9J4sWuoe9uTMw&amp;click_origin=search_results&amp;placement=vertical_0&amp;placement_slot=1&amp;redirect_url=https%3A%2F%2Fwww.yelp.com%2Fbiz%2Fsweet-red-peach-atlanta&amp;request_id=5e86cee0bdccc778&amp;signature=86eca0332511103e5df6ed3e6dd7b5dd199451c89c48a8bd75c9767b2aab1bab&amp;slot=1",
      "reviews_link": "https://serpapi.com/search.json?engine=yelp_reviews&num=50&place_id=D61uA1bA4OJWdlSiqtlL1A&start=20",
      "categories": [
        {
          "title": "Cupcakes",
          "link": "https://www.yelp.com/search?find_desc=Cupcakes&amp;find_loc=Atlanta%2C+GA"
        },
        {
          "title": "Desserts",
          "link": "https://www.yelp.com/search?find_desc=Desserts&amp;find_loc=Atlanta%2C+GA"
        },
        {
          "title": "Custom Cakes",
          "link": "https://www.yelp.com/search?find_desc=Custom+Cakes&amp;find_loc=Atlanta%2C+GA"
        }
      ],
      "rating": 4.0,
      "reviews": 8,
      "neighborhoods": "West End",
      "highlights": [
        "Women-owned & operated",
        "Minority-owned & operated",
        "Family-owned & operated",
        "Free parking",
        "Outdoor seating",
        "Vegan friendly"
      ],
      "phone": "(404) 228-3190",
      "snippet": "We offer old school custom cakes and pastries at the Lee and White Food Hall in the Westend off the Beltline.",
      "button": {
        "text": "Start Order",
        "link": "https://www.yelp.com/adredir?ad_business_id=D61uA1bA4OJWdlSiqtlL1A&amp;click_origin=search_results_platform&amp;placement=vertical_0&amp;placement_slot=1&amp;redirect_url=https%3A%2F%2Fwww.yelp.com%2Fbiz%2Fsweet-red-peach-atlanta%3Fshow_platform_modal%3DTrue&amp;request_id=5e86cee0bdccc778&amp;signature=a6c73230b88a5d58d028e0e9cb77a27652690e583dee61573769773dd5471943&amp;slot=1"
      },
      "thumbnail": "https://s3-media0.fl.yelpcdn.com/bphoto/0MeU2Ho183q0lNvnjoO68Q/348s.jpg"
    },
    {
      "place_ids": [
        "nVcZG0faEa5KER8WOjWbXg",
        "vita-bakes-atlanta"
      ],
      "title": "Vita Bakes",
      "link": "https://www.yelp.com/adredir?ad_business_id=nVcZG0faEa5KER8WOjWbXg&amp;campaign_id=U21OFO9QvEEcJvFNFj1FBw&amp;click_origin=search_results&amp;placement=vertical_0&amp;placement_slot=1&amp;redirect_url=https%3A%2F%2Fwww.yelp.com%2Fbiz%2Fvita-bakes-atlanta&amp;request_id=5e86cee0bdccc778&amp;signature=ac17a574084d07ffb6c4ef95de949b017f2dc77f0b4836d02f80aab2311be409&amp;slot=2",
      "reviews_link": "https://serpapi.com/search.json?engine=yelp_reviews&num=50&place_id=nVcZG0faEa5KER8WOjWbXg&start=20",
      "categories": [
        {
          "title": "Desserts",
          "link": "https://www.yelp.com/search?find_desc=Desserts&amp;find_loc=Atlanta%2C+GA"
        },
        {
          "title": "Cupcakes",
          "link": "https://www.yelp.com/search?find_desc=Cupcakes&amp;find_loc=Atlanta%2C+GA"
        },
        {
          "title": "Custom Cakes",
          "link": "https://www.yelp.com/search?find_desc=Custom+Cakes&amp;find_loc=Atlanta%2C+GA"
        }
      ],
      "reviews": 1,
      "phone": "(678) 308-6076",
      "snippet": "Because every cake has a story to tell!! We specialize in Customized Cakes, Cupcakes, Cake pops, Embellished rice crisps, Donuts. We do dessert table too.",
      "thumbnail": "https://s3-media0.fl.yelpcdn.com/bphoto/zW8tMbSkgAyALB1dPr2aOw/348s.jpg"
    },
    {
      "place_ids": [
        "yCjj3MNoKgJxRA1FZ7l4Tw",
        "sweet-red-peach-atlanta-2"
      ],
      "title": "Sweet Red Peach",
      "link": "https://www.yelp.com/adredir?ad_business_id=yCjj3MNoKgJxRA1FZ7l4Tw&amp;campaign_id=zxfi_2KJrEoHJHWPo7IBcQ&amp;click_origin=search_results&amp;placement=vertical_0&amp;placement_slot=1&amp;redirect_url=https%3A%2F%2Fwww.yelp.com%2Fbiz%2Fsweet-red-peach-atlanta-2&amp;request_id=5e86cee0bdccc778&amp;signature=23ef2a0c2bfcc193180467be9b155a4a6d3c44c865e05d12ffe5cf731fc4a926&amp;slot=3",
      "reviews_link": "https://serpapi.com/search.json?engine=yelp_reviews&num=50&place_id=yCjj3MNoKgJxRA1FZ7l4Tw&start=20",
      "categories": [
        {
          "title": "Bakeries",
          "link": "https://www.yelp.com/search?find_desc=Bakeries&amp;find_loc=Atlanta%2C+GA"
        },
        {
          "title": "Desserts",
          "link": "https://www.yelp.com/search?find_desc=Desserts&amp;find_loc=Atlanta%2C+GA"
        },
        {
          "title": "Cupcakes",
          "link": "https://www.yelp.com/search?find_desc=Cupcakes&amp;find_loc=Atlanta%2C+GA"
        }
      ],
      "neighborhoods": "Downtown",
      "phone": "(404) 963-1802",
      "snippet": "We are located in the heart of Atlanta. We make everything in house using only the finest quality ingredients. From our incredibly tender and flakey pie crust, down to our homemade…",
      "thumbnail": "https://s3-media0.fl.yelpcdn.com/bphoto/VCBrXI_91csa5gsogQ_PdA/348s.jpg"
    },
    {
      "place_ids": [
        "cu122j6S7nP5lN1YOkzV0A",
        "capital-one-caf%C3%A9-atlanta-2"
      ],
      "title": "Capital One Café",
      "link": "https://www.yelp.com/adredir?ad_business_id=cu122j6S7nP5lN1YOkzV0A&amp;campaign_id=vHXh22Xpi1K159IdkiS43Q&amp;click_origin=search_results&amp;placement=vertical_0&amp;placement_slot=1&amp;redirect_url=https%3A%2F%2Fwww.yelp.com%2Fbiz%2Fcapital-one-caf%25C3%25A9-atlanta-2&amp;request_id=5e86cee0bdccc778&amp;signature=8f362c9c6c57c0e4773ee147c8ce7ea529bfa0f7c79905f8d258175df7c1a6cf&amp;slot=4",
      "reviews_link": "https://serpapi.com/search.json?engine=yelp_reviews&num=50&place_id=cu122j6S7nP5lN1YOkzV0A&start=20",
      "categories": [
        {
          "title": "Coffee & Tea",
          "link": "https://www.yelp.com/search?find_desc=Coffee+%26+Tea&amp;find_loc=Atlanta%2C+GA"
        },
        {
          "title": "Banks & Credit Unions",
          "link": "https://www.yelp.com/search?find_desc=Banks+%26+Credit+Unions&amp;find_loc=Atlanta%2C+GA"
        },
        {
          "title": "Internet Cafes",
          "link": "https://www.yelp.com/search?find_desc=Internet+Cafes&amp;find_loc=Atlanta%2C+GA"
        }
      ],
      "rating": 4.9,
      "reviews": 14,
      "neighborhoods": "Buckhead",
      "phone": "(470) 408-7957",
      "snippet": "This review is more than well deserved. On Nov.11.2020 my mother and I were visiting this location to pay money on our credit cards and upon walking up there was a young man who…",
      "button": {
        "text": "Get Directions",
        "link": "https://www.yelp.com/adredir?ad_business_id=cu122j6S7nP5lN1YOkzV0A&amp;click_origin=search_results_direction&amp;placement=vertical_0&amp;placement_slot=1&amp;redirect_url=https%3A%2F%2Fwww.yelp.com%2Fmap%2Fcapital-one-caf%25C3%25A9-atlanta-2&amp;request_id=5e86cee0bdccc778&amp;signature=a88732cc2edbf40765ecbdcf5c1d86c0d0b5c4dc63613c14a5c8ba7aaf00c936&amp;slot=4"
      },
      "thumbnail": "https://s3-media0.fl.yelpcdn.com/bphoto/MapvGsTC9XzUnRTutwIbzQ/ls.jpg"
    },
    {
      "place_ids": [
        "PQXQ7oSixbWpHO0kmeZiJA",
        "kings-popcorn-and-treats-atlanta"
      ],
      "title": "Kings Popcorn and Treats",
      "link": "https://www.yelp.com/adredir?ad_business_id=PQXQ7oSixbWpHO0kmeZiJA&amp;campaign_id=pnkUvGHZaY4LfDVK8LgAag&amp;click_origin=search_results&amp;placement=vertical_0&amp;placement_slot=1&amp;redirect_url=https%3A%2F%2Fwww.yelp.com%2Fbiz%2Fkings-popcorn-and-treats-atlanta&amp;request_id=5e86cee0bdccc778&amp;signature=8ef694fba5693cf7b8f9fab9aeb924d4ca65c66de84ad0dbb4d9894dfb1a4502&amp;slot=5",
      "reviews_link": "https://serpapi.com/search.json?engine=yelp_reviews&num=50&place_id=PQXQ7oSixbWpHO0kmeZiJA&start=20",
      "categories": [
        {
          "title": "Popcorn Shops",
          "link": "https://www.yelp.com/search?find_desc=Popcorn+Shops&amp;find_loc=Atlanta%2C+GA"
        },
        {
          "title": "Desserts",
          "link": "https://www.yelp.com/search?find_desc=Desserts&amp;find_loc=Atlanta%2C+GA"
        },
        {
          "title": "Candy Stores",
          "link": "https://www.yelp.com/search?find_desc=Candy+Stores&amp;find_loc=Atlanta%2C+GA"
        }
      ],
      "rating": 5.0,
      "reviews": 2,
      "phone": "(404) 593-8656",
      "snippet": "We sell the best gourmet popcorn in the city with 15 custom flavors. We offer cake slice and house made candy, along with the best fried pork skins and they’re made to order.",
      "thumbnail": "https://s3-media0.fl.yelpcdn.com/bphoto/3GPOnyWlqSFLO61Vhg8TPw/348s.jpg"
    },
    {
      "place_ids": [
        "WHuoeldSOSIlYncy_Ed4zA",
        "bodega-wings-and-phillies-atlanta"
      ],
      "title": "Bodega Wings and Phillies",
      "link": "https://www.yelp.com/adredir?ad_business_id=WHuoeldSOSIlYncy_Ed4zA&amp;campaign_id=otD4-L7QVtiXGSD1N7IfmQ&amp;click_origin=search_results&amp;placement=vertical_0&amp;placement_slot=1&amp;redirect_url=https%3A%2F%2Fwww.yelp.com%2Fbiz%2Fbodega-wings-and-phillies-atlanta&amp;request_id=5e86cee0bdccc778&amp;signature=1d09932a141d20b821ebc1176aac0b5e87e296f38f4b8905dc068f33c5df4308&amp;slot=6",
      "reviews_link": "https://serpapi.com/search.json?engine=yelp_reviews&num=50&place_id=WHuoeldSOSIlYncy_Ed4zA&start=20",
      "categories": [
        {
          "title": "Sandwiches",
          "link": "https://www.yelp.com/search?find_desc=Sandwiches&amp;find_loc=Atlanta%2C+GA"
        },
        {
          "title": "Desserts",
          "link": "https://www.yelp.com/search?find_desc=Desserts&amp;find_loc=Atlanta%2C+GA"
        },
        {
          "title": "Chicken Wings",
          "link": "https://www.yelp.com/search?find_desc=Chicken+Wings&amp;find_loc=Atlanta%2C+GA"
        }
      ],
      "rating": 4.0,
      "reviews": 1,
      "neighborhoods": "Lindbergh",
      "highlights": [
        "Locally owned & operated",
        "Minority-owned & operated",
        "Discounts available",
        "Grab-and-go",
        "Kitchen open late",
        "Casual dining"
      ],
      "phone": "(678) 431-1034",
      "snippet": "Where Phillies, Wings and Desserts Mesh!",
      "button": {
        "text": "Start Order",
        "link": "https://www.yelp.com/adredir?ad_business_id=WHuoeldSOSIlYncy_Ed4zA&amp;click_origin=search_results_platform&amp;placement=vertical_0&amp;placement_slot=1&amp;redirect_url=https%3A%2F%2Fwww.yelp.com%2Fbiz%2Fbodega-wings-and-phillies-atlanta%3Fshow_platform_modal%3DTrue&amp;request_id=5e86cee0bdccc778&amp;signature=882f89eb7cd902300298a7e5fdbfdef7f6564a55bbdf34190693f777173b897a&amp;slot=6"
      },
      "thumbnail": "https://s3-media0.fl.yelpcdn.com/bphoto/9kJDX9lPohuq8JBTt9m4oA/348s.jpg"
    },
    {
      "place_ids": [
        "Yi2ftJfSC5en350NSqSpnQ",
        "nespresso-boutique-atlanta"
      ],
      "title": "Nespresso Boutique",
      "link": "https://www.yelp.com/adredir?ad_business_id=Yi2ftJfSC5en350NSqSpnQ&amp;campaign_id=CkPK0fKgKX8QzVq9u0dV1A&amp;click_origin=search_results&amp;placement=vertical_0&amp;placement_slot=1&amp;redirect_url=https%3A%2F%2Fwww.yelp.com%2Fbiz%2Fnespresso-boutique-atlanta&amp;request_id=5e86cee0bdccc778&amp;signature=37f47fc2a5eac8bf2bcda3f8ee4afc1b09063146b262fe048a2274d0b4c94a06&amp;slot=7",
      "reviews_link": "https://serpapi.com/search.json?engine=yelp_reviews&num=50&place_id=Yi2ftJfSC5en350NSqSpnQ&start=20",
      "categories": [
        {
          "title": "Cafes",
          "link": "https://www.yelp.com/search?find_desc=Cafes&amp;find_loc=Atlanta%2C+GA"
        },
        {
          "title": "Coffee & Tea",
          "link": "https://www.yelp.com/search?find_desc=Coffee+%26+Tea&amp;find_loc=Atlanta%2C+GA"
        },
        {
          "title": "Coffee Roasteries",
          "link": "https://www.yelp.com/search?find_desc=Coffee+Roasteries&amp;find_loc=Atlanta%2C+GA"
        }
      ],
      "rating": 3.9,
      "reviews": 21,
      "neighborhoods": "Buckhead",
      "phone": "(800) 562-1465",
      "snippet": "I love Nespresso more than I care to admit... so much that I bought a machine to leave at my mother's for when I visit. I have been to many boutiques in the US and abroad. I wish…",
      "button": {
        "text": "Get Directions",
        "link": "https://www.yelp.com/adredir?ad_business_id=Yi2ftJfSC5en350NSqSpnQ&amp;click_origin=search_results_direction&amp;placement=vertical_0&amp;placement_slot=1&amp;redirect_url=https%3A%2F%2Fwww.yelp.com%2Fmap%2Fnespresso-boutique-atlanta&amp;request_id=5e86cee0bdccc778&amp;signature=8c9b6c6e1cdcc2904ea609c64426b5028145066cc43b1542d98ee2e49ca6a15a&amp;slot=7"
      },
      "thumbnail": "https://s3-media0.fl.yelpcdn.com/bphoto/IP-yPCDcDoNvXw_fEYccTA/348s.jpg"
    },
    {
      "block_position": "bottom",
      "place_ids": [
        "K_K4GVqOfe0zGMgsnG-17Q",
        "heidis-heavenly-cookies-alpharetta"
      ],
      "title": "Heidi’s Heavenly Cookies",
      "link": "https://www.yelp.com/adredir?ad_business_id=K_K4GVqOfe0zGMgsnG-17Q&amp;campaign_id=0mGTJJ932_F9TuBeYVNwPg&amp;click_origin=search_results&amp;placement=below_search&amp;placement_slot=2&amp;redirect_url=https%3A%2F%2Fwww.yelp.com%2Fbiz%2Fheidis-heavenly-cookies-alpharetta&amp;request_id=5e86cee0bdccc778&amp;signature=6b7dda9d7d58912384d0ba3ffb4f0e2570176ecb6361d7731099bbbc68e1eaf2&amp;slot=0",
      "reviews_link": "https://serpapi.com/search.json?engine=yelp_reviews&num=50&place_id=K_K4GVqOfe0zGMgsnG-17Q&start=20",
      "categories": [
        {
          "title": "Bakeries",
          "link": "https://www.yelp.com/search?find_desc=Bakeries&amp;find_loc=Atlanta%2C+GA"
        },
        {
          "title": "Desserts",
          "link": "https://www.yelp.com/search?find_desc=Desserts&amp;find_loc=Atlanta%2C+GA"
        }
      ],
      "rating": 4.9,
      "reviews": 56,
      "highlights": [
        "21 years in business",
        "Women-owned & operated",
        "Locally owned & operated"
      ],
      "phone": "(938) 526-2026",
      "snippet": "Y. U. M !!!! Yep, it's just like the name says, \"heavenly\"! We selected the package that comes with most every flavor of cookie on the menu, and each one was unique and delicious.…",
      "button": {
        "text": "View Website",
        "link": "https://www.yelp.com/adredir?ad_business_id=K_K4GVqOfe0zGMgsnG-17Q&amp;campaign_id=0mGTJJ932_F9TuBeYVNwPg&amp;click_origin=search_results_visit_website&amp;placement=below_search&amp;placement_slot=2&amp;redirect_url=https%3A%2F%2Fwww.yelp.com%2Fbiz_redir%3Fcachebuster%3D1710172248%26s%3D5da8c422b1a597f5b2d8a41ad8573af9483f7dffd7a094fef379463af1b72d23%26src_bizid%3DK_K4GVqOfe0zGMgsnG-17Q%26url%3Dhttp%253A%252F%252Fwww.heidisheavenlycookies.com%26website_link_type%3Dwebsite&amp;request_id=5e86cee0bdccc778&amp;signature=95b00777f8e29337cdd5faf7427213ba803ef8965f7f4b5a7d74d8a6f34d2a8a&amp;slot=0"
      },
      "thumbnail": "https://s3-media0.fl.yelpcdn.com/bphoto/aEVNQWNQ5jl_yBIOuLqc8A/348s.jpg"
    }
  ],
  "organic_results": [
    {
      "position": 21,
      "place_ids": [
        "bAybZImsqUwinMrzZlzVIQ",
        "true-food-kitchen-atlanta-8"
      ],
      "title": "True Food Kitchen",
      "link": "https://www.yelp.com/biz/true-food-kitchen-atlanta-8",
      "reviews_link": "https://serpapi.com/search.json?engine=yelp_reviews&num=50&place_id=bAybZImsqUwinMrzZlzVIQ&start=20",
      "categories": [
        {
          "title": "New American",
          "link": "https://www.yelp.com/search?find_desc=New+American&amp;find_loc=Atlanta%2C+GA"
        },
        {
          "title": "Breakfast & Brunch",
          "link": "https://www.yelp.com/search?find_desc=Breakfast+%26+Brunch&amp;find_loc=Atlanta%2C+GA"
        },
        {
          "title": "Comfort Food",
          "link": "https://www.yelp.com/search?find_desc=Comfort+Food&amp;find_loc=Atlanta%2C+GA"
        }
      ],
      "price": "$$",
      "rating": 4.1,
      "reviews": 1550,
      "neighborhoods": "Buckhead",
      "highlights": [
        "Takes reservations",
        "Full bar",
        "Casual dining",
        "Outdoor seating",
        "Gluten-free friendly",
        "Kid friendly"
      ],
      "phone": "(404) 481-2980",
      "snippet": "I am a HUGE fan of True Food Kitchen and this location did not disappoint, especially because of the most amazing, caring, funny and attentive, waiter ever!…",
      "thumbnail": "https://s3-media0.fl.yelpcdn.com/bphoto/qfF1W2oR7JvelC2UGDuT2Q/348s.jpg"
    },
    {
      "position": 22,
      "place_ids": [
        "1q3u0GmFKRKPV_ikCiCbUw",
        "gunshow-atlanta-2"
      ],
      "title": "Gunshow",
      "link": "https://www.yelp.com/biz/gunshow-atlanta-2",
      "reviews_link": "https://serpapi.com/search.json?engine=yelp_reviews&num=50&place_id=1q3u0GmFKRKPV_ikCiCbUw&start=20",
      "categories": [
        {
          "title": "New American",
          "link": "https://www.yelp.com/search?find_desc=New+American&amp;find_loc=Atlanta%2C+GA"
        },
        {
          "title": "Southern",
          "link": "https://www.yelp.com/search?find_desc=Southern&amp;find_loc=Atlanta%2C+GA"
        },
        {
          "title": "Bars",
          "link": "https://www.yelp.com/search?find_desc=Bars&amp;find_loc=Atlanta%2C+GA"
        }
      ],
      "price": "$$$",
      "rating": 4.3,
      "reviews": 1463,
      "phone": "(404) 380-1886",
      "snippet": "It had been quite some time since I was here last. It was a Friday date night for my husband I and was lucky enough to grab a reservation (I booked a…",
      "thumbnail": "https://s3-media0.fl.yelpcdn.com/bphoto/ovGkKsLzGF45_KvQXCMqfQ/348s.jpg"
    },
    {
      "position": 23,
      "place_ids": [
        "9tC6Q9lcTbjd-2fNySNbDw",
        "the-southern-gentleman-atlanta"
      ],
      "title": "The Southern Gentleman",
      "link": "https://www.yelp.com/biz/the-southern-gentleman-atlanta",
      "reviews_link": "https://serpapi.com/search.json?engine=yelp_reviews&num=50&place_id=9tC6Q9lcTbjd-2fNySNbDw&start=20",
      "categories": [
        {
          "title": "Gastropubs",
          "link": "https://www.yelp.com/search?find_desc=Gastropubs&amp;find_loc=Atlanta%2C+GA"
        },
        {
          "title": "Southern",
          "link": "https://www.yelp.com/search?find_desc=Southern&amp;find_loc=Atlanta%2C+GA"
        },
        {
          "title": "New American",
          "link": "https://www.yelp.com/search?find_desc=New+American&amp;find_loc=Atlanta%2C+GA"
        }
      ],
      "price": "$$$",
      "rating": 3.8,
      "reviews": 1007,
      "neighborhoods": "Buckhead",
      "phone": "(770) 640-2869",
      "snippet": "The Southern Gentleman, has great service as well as ambiance. Great place for a celebration, date night, or a business dinner. Appeared to cater to adult…",
      "thumbnail": "https://s3-media0.fl.yelpcdn.com/bphoto/2BL-OY-A2d4t4-290keI9g/348s.jpg"
    },
    {
      "position": 24,
      "place_ids": [
        "dfL1KYHtcs6YaFVx-nZTdQ",
        "whiskey-bird-atlanta"
      ],
      "title": "Whiskey Bird",
      "link": "https://www.yelp.com/biz/whiskey-bird-atlanta",
      "reviews_link": "https://serpapi.com/search.json?engine=yelp_reviews&num=50&place_id=dfL1KYHtcs6YaFVx-nZTdQ&start=20",
      "categories": [
        {
          "title": "New American",
          "link": "https://www.yelp.com/search?find_desc=New+American&amp;find_loc=Atlanta%2C+GA"
        },
        {
          "title": "Asian Fusion",
          "link": "https://www.yelp.com/search?find_desc=Asian+Fusion&amp;find_loc=Atlanta%2C+GA"
        },
        {
          "title": "Breakfast & Brunch",
          "link": "https://www.yelp.com/search?find_desc=Breakfast+%26+Brunch&amp;find_loc=Atlanta%2C+GA"
        }
      ],
      "price": "$$",
      "rating": 4.4,
      "reviews": 646,
      "neighborhoods": "Morningside / Lenox Park",
      "highlights": [
        "Free parking",
        "Locally owned & operated",
        "Outdoor seating",
        "Happy hour specials",
        "Pet friendly",
        "Takes reservations"
      ],
      "phone": "(404) 500-0575",
      "snippet": "Excellent food, ambiance, and service. What a great little spot. We went friends, luckily we got there early. The placed was fairly packed by the time we…",
      "thumbnail": "https://s3-media0.fl.yelpcdn.com/bphoto/QAGt0xThFocXZQO2_7-Bpw/348s.jpg"
    },
    {
      "position": 25,
      "place_ids": [
        "yoHbWZBDmgHyl5oWMQRIoQ",
        "win-taste-of-bali-atlanta"
      ],
      "title": "WIN - Taste of Bali",
      "link": "https://www.yelp.com/biz/win-taste-of-bali-atlanta",
      "reviews_link": "https://serpapi.com/search.json?engine=yelp_reviews&num=50&place_id=yoHbWZBDmgHyl5oWMQRIoQ&start=20",
      "categories": [
        {
          "title": "Indonesian",
          "link": "https://www.yelp.com/search?find_desc=Indonesian&amp;find_loc=Atlanta%2C+GA"
        },
        {
          "title": "Tapas/Small Plates",
          "link": "https://www.yelp.com/search?find_desc=Tapas%2FSmall+Plates&amp;find_loc=Atlanta%2C+GA"
        }
      ],
      "price": "$$",
      "rating": 4.5,
      "reviews": 249,
      "neighborhoods": "Buckhead",
      "phone": "(404) 709-2525",
      "snippet": "This is a beautiful restaurant. Their drinks are great coffee drinks alcoholic drinks, great prices are very well reasonable they're small plates so it's great…",
      "button": {
        "text": "Start Order",
        "link": "https://www.yelp.com/biz/yoHbWZBDmgHyl5oWMQRIoQ?show_platform_modal=True"
      },
      "thumbnail": "https://s3-media0.fl.yelpcdn.com/bphoto/uAEXT4gC8C0OpBTHQUcAjQ/348s.jpg"
    },
    {
      "position": 26,
      "place_ids": [
        "GgwjulR_-ik36RnEr_MVug",
        "torched-hop-brewing-atlanta"
      ],
      "title": "Torched Hop Brewing",
      "link": "https://www.yelp.com/biz/torched-hop-brewing-atlanta",
      "reviews_link": "https://serpapi.com/search.json?engine=yelp_reviews&num=50&place_id=GgwjulR_-ik36RnEr_MVug&start=20",
      "categories": [
        {
          "title": "Gastropubs",
          "link": "https://www.yelp.com/search?find_desc=Gastropubs&amp;find_loc=Atlanta%2C+GA"
        },
        {
          "title": "Breweries",
          "link": "https://www.yelp.com/search?find_desc=Breweries&amp;find_loc=Atlanta%2C+GA"
        },
        {
          "title": "American",
          "link": "https://www.yelp.com/search?find_desc=American&amp;find_loc=Atlanta%2C+GA"
        }
      ],
      "price": "$$",
      "rating": 4.3,
      "reviews": 462,
      "neighborhoods": "Midtown",
      "phone": "(404) 835-2040",
      "snippet": "I recently visited Torched Hop with a friend for a late-night meal on a Wednesday, and it exceeded our expectations! We arrived hungry, and my friend's…",
      "thumbnail": "https://s3-media0.fl.yelpcdn.com/bphoto/7uK7vDIJmVcHW-STVH1sbg/348s.jpg"
    },
    {
      "position": 27,
      "place_ids": [
        "CxQ1m2iY4wQpXC64tSfWgQ",
        "antico-pizza-atlanta"
      ],
      "title": "Antico Pizza",
      "link": "https://www.yelp.com/biz/antico-pizza-atlanta",
      "reviews_link": "https://serpapi.com/search.json?engine=yelp_reviews&num=50&place_id=CxQ1m2iY4wQpXC64tSfWgQ&start=20",
      "categories": [
        {
          "title": "Pizza",
          "link": "https://www.yelp.com/search?find_desc=Pizza&amp;find_loc=Atlanta%2C+GA"
        }
      ],
      "price": "$$",
      "rating": 4.3,
      "reviews": 3684,
      "neighborhoods": "Westside / Home Park",
      "phone": "(404) 724-2333",
      "snippet": "The place was crowded, the wait was long and it was not cheap. But so far (I'm almost 72yo) they were probably the best pies I've ever stuffed in my face.…",
      "button": {
        "text": "Start Order",
        "link": "https://www.yelp.com/biz/CxQ1m2iY4wQpXC64tSfWgQ?show_platform_modal=True"
      },
      "thumbnail": "https://s3-media0.fl.yelpcdn.com/bphoto/Sb59VvGZnHUgl9F4KlXspg/348s.jpg"
    },
    {
      "position": 28,
      "place_ids": [
        "1-6iSpedEBn1mBHGpRNkZg",
        "rumis-kitchen-colony-square-atlanta"
      ],
      "title": "Rumi’s Kitchen - Colony Square",
      "link": "https://www.yelp.com/biz/rumis-kitchen-colony-square-atlanta",
      "reviews_link": "https://serpapi.com/search.json?engine=yelp_reviews&num=50&place_id=1-6iSpedEBn1mBHGpRNkZg&start=20",
      "categories": [
        {
          "title": "Persian/Iranian",
          "link": "https://www.yelp.com/search?find_desc=Persian%2FIranian&amp;find_loc=Atlanta%2C+GA"
        },
        {
          "title": "Cocktail Bars",
          "link": "https://www.yelp.com/search?find_desc=Cocktail+Bars&amp;find_loc=Atlanta%2C+GA"
        }
      ],
      "price": "$$$",
      "rating": 4.6,
      "reviews": 292,
      "neighborhoods": "Midtown",
      "phone": "(404) 777-9807",
      "snippet": "I recently had the pleasure of dining at Rumi, and I must say, Jayden's service was nothing short of exceptional. From the moment I sat down, he took the time…",
      "thumbnail": "https://s3-media0.fl.yelpcdn.com/bphoto/TNopSxUKPcLz_pxGUVBfZQ/348s.jpg"
    },
    {
      "position": 29,
      "place_ids": [
        "tDv2qG4N7PsYLN0QYuuaZQ",
        "bulla-gastrobar-atlanta-4"
      ],
      "title": "Bulla Gastrobar",
      "link": "https://www.yelp.com/biz/bulla-gastrobar-atlanta-4",
      "reviews_link": "https://serpapi.com/search.json?engine=yelp_reviews&num=50&place_id=tDv2qG4N7PsYLN0QYuuaZQ&start=20",
      "categories": [
        {
          "title": "Spanish",
          "link": "https://www.yelp.com/search?find_desc=Spanish&amp;find_loc=Atlanta%2C+GA"
        },
        {
          "title": "Gastropubs",
          "link": "https://www.yelp.com/search?find_desc=Gastropubs&amp;find_loc=Atlanta%2C+GA"
        },
        {
          "title": "Tapas Bars",
          "link": "https://www.yelp.com/search?find_desc=Tapas+Bars&amp;find_loc=Atlanta%2C+GA"
        }
      ],
      "price": "$$",
      "rating": 4.2,
      "reviews": 942,
      "neighborhoods": "Midtown",
      "highlights": [
        "$30 for $40 Deal"
      ],
      "phone": "(404) 900-6926",
      "snippet": "I'm proudly what I (and my credit card provider) consider to be a super regular at Bulla. I'm serious. I get withdrawal like shakes if I don't stuff their…",
      "button": {
        "text": "Start Order",
        "link": "https://www.yelp.com/biz/tDv2qG4N7PsYLN0QYuuaZQ?show_platform_modal=True"
      },
      "thumbnail": "https://s3-media0.fl.yelpcdn.com/bphoto/DM5rELgalO4wUJUyJEnuDQ/348s.jpg"
    },
    {
      "position": 30,
      "place_ids": [
        "KqHES_Rr8btKCdz4RmpR_Q",
        "grana-atlanta"
      ],
      "title": "Grana",
      "link": "https://www.yelp.com/biz/grana-atlanta",
      "reviews_link": "https://serpapi.com/search.json?engine=yelp_reviews&num=50&place_id=KqHES_Rr8btKCdz4RmpR_Q&start=20",
      "categories": [
        {
          "title": "Italian",
          "link": "https://www.yelp.com/search?find_desc=Italian&amp;find_loc=Atlanta%2C+GA"
        },
        {
          "title": "Pizza",
          "link": "https://www.yelp.com/search?find_desc=Pizza&amp;find_loc=Atlanta%2C+GA"
        }
      ],
      "rating": 4.2,
      "reviews": 578,
      "neighborhoods": "Morningside / Lenox Park",
      "phone": "(404) 231-9000",
      "snippet": "10/10!! I came to this Grana location to participate in the pasta making class! My group and I had SUCH a good time. We spoke with Ashley who was super…",
      "thumbnail": "https://s3-media0.fl.yelpcdn.com/bphoto/PqPR4hbf2aAHqdDhEwHb1Q/348s.jpg"
    }
  ],
  "pagination": {
    "previous": "https://www.yelp.com/search?find_loc=Atlanta%2C+GA&start=10",
    "next": "https://www.yelp.com/search?find_loc=Atlanta%2C+GA&start=30"
  },
  "serpapi_pagination": {
    "current": null,
    "previous_link": "https://serpapi.com/search.json?engine=yelp&find_loc=Atlanta%2C+GA&start=10",
    "previous": "https://serpapi.com/search.json?engine=yelp&find_loc=Atlanta%2C+GA&start=10",
    "next_link": "https://serpapi.com/search.json?engine=yelp&find_loc=Atlanta%2C+GA&start=30",
    "next": "https://serpapi.com/search.json?engine=yelp&find_loc=Atlanta%2C+GA&start=30"
  }
}