{
  "search_metadata": {
    "id": "65ef28b1303eb1f303e68fcc",
    "status": "Success",
    "json_endpoint": "https://serpapi.com/searches/c8d7a569dd5382fe/65ef28b1303eb1f303e68fcc.json",
    "created_at": "2024-03-11 15:52:17 UTC",
    "processed_at": "2024-03-11 15:52:17 UTC",
    "yelp_url": "https://www.yelp.com/search?find_loc=Atlanta%2C+GA&start=40",
    "raw_html_file": "https://serpapi.com/searches/c8d7a569dd5382fe/65ef28b1303eb1f303e68fcc.html",
    "total_time_taken": 2.73
  },
  "search_parameters": {
    "engine": "yelp",
    "find_loc": "Atlanta, GA",
    "start": 40
  },
  "filters": {
    "price": [
      {
        "text": "$",
        "value": "RestaurantsPriceRange2.1"
      },
      {
        "text": "$$",
        "value": "RestaurantsPriceRange2.2"
      },
      {
        "text": "$$$",
        "value": "RestaurantsPriceRange2.3"
      },
      {
        "text": "$$$$",
        "value": "RestaurantsPriceRange2.4"
      }
    ],
    "distance": [
      {
        "text": "Biking (2 mi.)",
        "value": "g:-84.39920425415039,33.79184514875722,-84.34804916381836,33.834632907576776"
      },
      {
        "text": "Bird's-eye View",
        "value": "g:-84.47593688964844,33.72776616734189,-84.27131652832031,33.89891688437141"
      },
      {
        "text": "Within 4 blocks",
        "value": "g:-84.37682390213013,33.81053176901896,-84.37042951583862,33.81588024116821"
      },
      {
        "text": "Walking (1 mi.)",
        "value": "g:-84.38641548156738,33.80254409475938,-84.36083793640137,33.82393797437476"
      },
      {
        "text": "Driving (5 mi.)",
        "value": "g:-84.4247817993164,33.77030054809328,-84.32247161865234,33.85587620512014"
      }
    ]
  },
  "inline_ads": [
    {
      "place_ids": [
        "jqy4gp-Hysad2AmG_ft8UQ",
        "starbucks-atlanta-89"
      ],
      "title": "Starbucks",
      "link": "https://www.yelp.com/adredir?ad_business_id=jqy4gp-Hysad2AmG_ft8UQ&amp;campaign_id=Y-JjBrs7CH73Ti3EPhFiQA&amp;click_origin=search_results&amp;placement=carousel_0&amp;placement_slot=0&amp;redirect_url=https%3A%2F%2Fwww.yelp.com%2Fbiz%2Fstarbucks-atlanta-89&amp;request_id=62fc8337231a8e9f&amp;signature=686b4e9aba618621430b13c027b71147dfdb961afa664e56f28f373b83bee47c&amp;slot=0",
      "reviews_link": "https://serpapi.com/search.json?engine=yelp_reviews&num=50&place_id=jqy4gp-Hysad2AmG_ft8UQ&start=40",
      "categories": [
        {
          "title": "Breakfast & Brunch",
          "link": "https://www.yelp.com/search?find_desc=Breakfast+%26+Brunch&amp;find_loc=Atlanta%2C+GA"
        },
        {
          "title": "Coffee & Tea",
          "link": "https://www.yelp.com/search?find_desc=Coffee+%26+Tea&amp;find_loc=Atlanta%2C+GA"
        }
      ],
      "reviews": 77,
      "neighborhoods": "Downtown",
      "thumbnail": "https://s3-media0.fl.yelpcdn.com/bphoto/z8FeWEssMfUHbhby6xBYnw/ls.jpg"
    },
    {
      "place_ids": [
        "K_K4GVqOfe0zGMgsnG-17Q",
        "heidis-heavenly-cookies-alpharetta"
      ],
      "title": "Heidi’s Heavenly Cookies",
      "link": "https://www.yelp.com/adredir?ad_business_id=K_K4GVqOfe0zGMgsnG-17Q&amp;campaign_id=0mGTJJ932_F9TuBeYVNwPg&amp;click_origin=search_results&amp;placement=carousel_0&amp;placement_slot=0&amp;redirect_url=https%3A%2F%2Fwww.yelp.com%2Fbiz%2Fheidis-heavenly-cookies-alpharetta&amp;request_id=62fc8337231a8e9f&amp;signature=06041ea2190bd6624f0c5fe920646f3ddff8cb2e695138cc9b9ef26ff71ab3ad&amp;slot=1",
      "reviews_link": "https://serpapi.com/search.json?engine=yelp_reviews&num=50&place_id=K_K4GVqOfe0zGMgsnG-17Q&start=40",
      "categories": [
        {
          "title": "Desserts",
          "link": "https://www.yelp.com/search?find_desc=Desserts&amp;find_loc=Atlanta%2C+GA"
        },
        {
          "title": "Bakeries",
          "link": "https://www.yelp.com/search?find_desc=Bakeries&amp;find_loc=Atlanta%2C+GA"
        }
      ],
      "rating": 4.9,
      "reviews": 56,
      "highlights": [
        "21 years in business",
        "Women-owned & operated",
        "Locally owned & operated"
      ],
      "thumbnail": "https://s3-media0.fl.yelpcdn.com/bphoto/cYnnONsNFJlyGkcFYnqW1w/348s.jpg"
    },
    {
      "place_ids": [
        "yCjj3MNoKgJxRA1FZ7l4Tw",
        "sweet-red-peach-atlanta-2"
      ],
      "title": "Sweet Red Peach",
      "link": "https://www.yelp.com/adredir?ad_business_id=yCjj3MNoKgJxRA1FZ7l4Tw&amp;campaign_id=zxfi_2KJrEoHJHWPo7IBcQ&amp;click_origin=search_results&amp;placement=carousel_0&amp;placement_slot=0&amp;redirect_url=https%3A%2F%2Fwww.yelp.com%2Fbiz%2Fsweet-red-peach-atlanta-2&amp;request_id=62fc8337231a8e9f&amp;signature=6dd0dd042bb00e83ee81015ae947d2f86db28691f3b4e874500c92da1083144c&amp;slot=2",
      "reviews_link": "https://serpapi.com/search.json?engine=yelp_reviews&num=50&place_id=yCjj3MNoKgJxRA1FZ7l4Tw&start=40",
      "categories": [
        {
          "title": "Cupcakes",
          "link": "https://www.yelp.com/search?find_desc=Cupcakes&amp;find_loc=Atlanta%2C+GA"
        },
        {
          "title": "Bakeries",
          "link": "https://www.yelp.com/search?find_desc=Bakeries&amp;find_loc=Atlanta%2C+GA"
        },
        {
          "title": "Desserts",
          "link": "https://www.yelp.com/search?find_desc=Desserts&amp;find_loc=Atlanta%2C+GA"
        }
      ],
      "neighborhoods": "Downtown",
      "thumbnail": "https://s3-media0.fl.yelpcdn.com/bphoto/6kAQueiKKwoJgVnRJaEJ1Q/348s.jpg"
    },
    {
      "place_ids": [
        "7R5VMjXQV7HB-dDurXzPfA",
        "nothing-bundt-cakes-atlanta"
      ],
      "title": "Nothing Bundt Cakes",
      "link": "https://www.yelp.com/adredir?ad_business_id=7R5VMjXQV7HB-dDurXzPfA&amp;campaign_id=5g55ebl750Xrv4KNL_3YPg&amp;click_origin=search_results&amp;placement=carousel_0&amp;placement_slot=0&amp;redirect_url=https%3A%2F%2Fwww.yelp.com%2Fbiz%2Fnothing-bundt-cakes-atlanta&amp;request_id=62fc8337231a8e9f&amp;signature=f6946f23c3ed2d242f3866b6c873c02e75410cb76b45e533d19c77a503dde052&amp;slot=3",
      "reviews_link": "https://serpapi.com/search.json?engine=yelp_reviews&num=50&place_id=7R5VMjXQV7HB-dDurXzPfA&start=40",
      "categories": [
        {
          "title": "Desserts",
          "link": "https://www.yelp.com/search?find_desc=Desserts&amp;find_loc=Atlanta%2C+GA"
        },
        {
          "title": "Bakeries",
          "link": "https://www.yelp.com/search?find_desc=Bakeries&amp;find_loc=Atlanta%2C+GA"
        },
        {
          "title": "Cupcakes",
          "link": "https://www.yelp.com/search?find_desc=Cupcakes&amp;find_loc=Atlanta%2C+GA"
        }
      ],
      "rating": 4.3,
      "reviews": 10,
      "neighborhoods": "Reynoldstown",
      "thumbnail": "https://s3-media0.fl.yelpcdn.com/adphoto/4rC2_r-cfpON7T1z8zCxEA/ls.jpg"
    },
    {
      "place_ids": [
        "nVcZG0faEa5KER8WOjWbXg",
        "vita-bakes-atlanta"
      ],
      "title": "Vita Bakes",
      "link": "https://www.yelp.com/adredir?ad_business_id=nVcZG0faEa5KER8WOjWbXg&amp;campaign_id=U21OFO9QvEEcJvFNFj1FBw&amp;click_origin=search_results&amp;placement=carousel_0&amp;placement_slot=0&amp;redirect_url=https%3A%2F%2Fwww.yelp.com%2Fbiz%2Fvita-bakes-atlanta&amp;request_id=62fc8337231a8e9f&amp;signature=5bf9106430f22bb935855f16f10cff60121e284151cd47425943a9e310d65c2d&amp;slot=4",
      "reviews_link": "https://serpapi.com/search.json?engine=yelp_reviews&num=50&place_id=nVcZG0faEa5KER8WOjWbXg&start=40",
      "categories": [
        {
          "title": "Desserts",
          "link": "https://www.yelp.com/search?find_desc=Desserts&amp;find_loc=Atlanta%2C+GA"
        },
        {
          "title": "Custom Cakes",
          "link": "https://www.yelp.com/search?find_desc=Custom+Cakes&amp;find_loc=Atlanta%2C+GA"
        },
        {
          "title": "Cupcakes",
          "link": "https://www.yelp.com/search?find_desc=Cupcakes&amp;find_loc=Atlanta%2C+GA"
        }
      ],
      "reviews": 1,
      "thumbnail": "https://s3-media0.fl.yelpcdn.com/bphoto/zW8tMbSkgAyALB1dPr2aOw/348s.jpg"
    },
    {
      "place_ids": [
        "WHuoeldSOSIlYncy_Ed4zA",
        "bodega-wings-and-phillies-atlanta"
      ],
      "title": "Bodega Wings and Phillies",
      "link": "https://www.yelp.com/adredir?ad_business_id=WHuoeldSOSIlYncy_Ed4zA&amp;campaign_id=otD4-L7QVtiXGSD1N7IfmQ&amp;click_origin=search_results&amp;placement=carousel_0&amp;placement_slot=0&amp;redirect_url=https%3A%2F%2Fwww.yelp.com%2Fbiz%2Fbodega-wings-and-phillies-atlanta&amp;request_id=62fc8337231a8e9f&amp;signature=55ae6b76aea42a7b1022a34e403a7c8e13f2806e391de1a6584d8fbd926fc68d&amp;slot=5",
      "reviews_link": "https://serpapi.com/search.json?engine=yelp_reviews&num=50&place_id=WHuoeldSOSIlYncy_Ed4zA&start=40",
      "categories": [
        {
          "title": "Chicken Wings",
          "link": "https://www.yelp.com/search?find_desc=Chicken+Wings&amp;find_loc=Atlanta%2C+GA"
        },
        {
          "title": "Desserts",
          "link": "https://www.yelp.com/search?find_desc=Desserts&amp;find_loc=Atlanta%2C+GA"
        },
        {
          "title": "Sandwiches",
          "link": "https://www.yelp.com/search?find_desc=Sandwiches&amp;find_loc=Atlanta%2C+GA"
        }
      ],
      "rating": 4.0,
      "reviews": 1,
      "neighborhoods": "Lindbergh",
      "highlights": [
        "Locally owned & operated",
        "Minority-owned & operated",
        "Discounts available",
        "Grab-and-go",
        "Kitchen open late",
        "Casual dining"
      ],
      "button": {
        "text": "Start Order",
        "link": "https://www.yelp.com/adredir?ad_business_id=WHuoeldSOSIlYncy_Ed4zA&amp;click_origin=search_results_platform&amp;placement=carousel_0&amp;placement_slot=0&amp;redirect_url=https%3A%2F%2Fwww.yelp.com%2Fbiz%2Fbodega-wings-and-phillies-atlanta%3Fshow_platform_modal%3DTrue&amp;request_id=62fc8337231a8e9f&amp;signature=92c6c822f8c63a4beabb95b535f705163f2db29ab24019f45ed85fbc1a2d08f7&amp;slot=5"
      },
      "thumbnail": "https://s3-media0.fl.yelpcdn.com/bphoto/nCxcXJQJTFSJjDFrhZoWdw/348s.jpg"
    }
  ],
  "ads_results": [
    {
      "place_ids": [
        "jqy4gp-Hysad2AmG_ft8UQ",
        "starbucks-atlanta-89"
      ],
      "title": "Starbucks",
      "link": "https://www.yelp.com/adredir?ad_business_id=jqy4gp-Hysad2AmG_ft8UQ&amp;campaign_id=Y-JjBrs7CH73Ti3EPhFiQA&amp;click_origin=search_results&amp;placement=vertical_0&amp;placement_slot=1&amp;redirect_url=https%3A%2F%2Fwww.yelp.com%2Fbiz%2Fstarbucks-atlanta-89&amp;request_id=62fc8337231a8e9f&amp;signature=f18de9b41cb8093654c7dc324d3257ed5da5580b9c67a2c27869253662e6795f&amp;slot=0",
      "reviews_link": "https://serpapi.com/search.json?engine=yelp_reviews&num=50&place_id=jqy4gp-Hysad2AmG_ft8UQ&start=40",
      "categories": [
        {
          "title": "Coffee & Tea",
          "link": "https://www.yelp.com/search?find_desc=Coffee+%26+Tea&amp;find_loc=Atlanta%2C+GA"
        },
        {
          "title": "Breakfast & Brunch",
          "link": "https://www.yelp.com/search?find_desc=Breakfast+%26+Brunch&amp;find_loc=Atlanta%2C+GA"
        }
      ],
      "reviews": 77,
      "neighborhoods": "Downtown",
      "offer_details": {
        "title": "Sip into Spring",
        "description": "Spring drinks are now available. Order at Starbucks today."
      },
      "phone": "+1-470-829-9280",
      "button": {
        "text": "See Offer",
        "link": "https://www.yelp.com/adredir?ad_business_id=jqy4gp-Hysad2AmG_ft8UQ&amp;campaign_id=Y-JjBrs7CH73Ti3EPhFiQA&amp;click_origin=search_results&amp;placement=vertical_0&amp;placement_slot=1&amp;redirect_url=https%3A%2F%2Fwww.yelp.com%2Fbiz%2Fstarbucks-atlanta-89%3Foffer_id%3DY-JjBrs7CH73Ti3EPhFiQA&amp;request_id=62fc8337231a8e9f&amp;signature=84f18e3615a1caf3e82603f89dba3c98ccfdb7fd3400c2328b7cdb63632db961&amp;slot=0&amp;cta_value=See Offer&amp;cta_value=See Offer"
      },
      "thumbnail": "https://s3-media0.fl.yelpcdn.com/offerphoto/pPBO4GYe5WvZuSs__RA3Nw/ls.jpg"
    },
    {
      "place_ids": [
        "7R5VMjXQV7HB-dDurXzPfA",
        "nothing-bundt-cakes-atlanta"
      ],
      "title": "Nothing Bundt Cakes",
      "link": "https://www.yelp.com/adredir?ad_business_id=7R5VMjXQV7HB-dDurXzPfA&amp;campaign_id=5g55ebl750Xrv4KNL_3YPg&amp;click_origin=search_results&amp;placement=vertical_0&amp;placement_slot=1&amp;redirect_url=https%3A%2F%2Fwww.yelp.com%2Fbiz%2Fnothing-bundt-cakes-atlanta&amp;request_id=62fc8337231a8e9f&amp;signature=1c83d6a81fc2eef7c9701d3929bd869f72ebbf099bb67f55d30e17cf2e87546b&amp;slot=1",
      "reviews_link": "https://serpapi.com/search.json?engine=yelp_reviews&num=50&place_id=7R5VMjXQV7HB-dDurXzPfA&start=40",
      "categories": [
        {
          "title": "Cupcakes",
          "link": "https://www.yelp.com/search?find_desc=Cupcakes&amp;find_loc=Atlanta%2C+GA"
        },
        {
          "title": "Bakeries",
          "link": "https://www.yelp.com/search?find_desc=Bakeries&amp;find_loc=Atlanta%2C+GA"
        },
        {
          "title": "Desserts",
          "link": "https://www.yelp.com/search?find_desc=Desserts&amp;find_loc=Atlanta%2C+GA"
        }
      ],
      "rating": 4.3,
      "reviews": 10,
      "neighborhoods": "Reynoldstown",
      "offer_details": {
        "title": "Slice of Perfection",
        "description": "Treat Yourself to a Bundt Cake Today!"
      },
      "phone": "+1-678-833-5506",
      "button": {
        "text": "See Offer",
        "link": "https://www.yelp.com/adredir?ad_business_id=7R5VMjXQV7HB-dDurXzPfA&amp;campaign_id=5g55ebl750Xrv4KNL_3YPg&amp;click_origin=search_results&amp;placement=vertical_0&amp;placement_slot=1&amp;redirect_url=https%3A%2F%2Fwww.yelp.com%2Fbiz%2Fnothing-bundt-cakes-atlanta%3Foffer_id%3D5g55ebl750Xrv4KNL_3YPg&amp;request_id=62fc8337231a8e9f&amp;signature=b41aae7b62b0dfe5bc74772546353c6394c567ecc809582dbe54523081b16881&amp;slot=1&amp;cta_value=See Offer&amp;cta_value=See Offer"
      },
      "thumbnail": "https://s3-media0.fl.yelpcdn.com/offerphoto/gYZjscs-gnKrxO6Zhct2Lw/ls.jpg"
    },
    {
      "place_ids": [
        "D61uA1bA4OJWdlSiqtlL1A",
        "sweet-red-peach-atlanta"
      ],
      "title": "Sweet Red Peach",
      "link": "https://www.yelp.com/adredir?ad_business_id=D61uA1bA4OJWdlSiqtlL1A&amp;campaign_id=kRtfZxvfc9J4sWuoe9uTMw&amp;click_origin=search_results&amp;placement=vertical_0&amp;placement_slot=1&amp;redirect_url=https%3A%2F%2Fwww.yelp.com%2Fbiz%2Fsweet-red-peach-atlanta&amp;request_id=62fc8337231a8e9f&amp;signature=0b045bffede96b78737afb7676a67da0d566a259d0bf99d5e038a4a9b74ca7d6&amp;slot=2",
      "reviews_link": "https://serpapi.com/search.json?engine=yelp_reviews&num=50&place_id=D61uA1bA4OJWdlSiqtlL1A&start=40",
      "categories": [
        {
          "title": "Custom Cakes",
          "link": "https://www.yelp.com/search?find_desc=Custom+Cakes&amp;find_loc=Atlanta%2C+GA"
        },
        {
          "title": "Cupcakes",
          "link": "https://www.yelp.com/search?find_desc=Cupcakes&amp;find_loc=Atlanta%2C+GA"
        },
        {
          "title": "Desserts",
          "link": "https://www.yelp.com/search?find_desc=Desserts&amp;find_loc=Atlanta%2C+GA"
        }
      ],
      "rating": 4.0,
      "reviews": 8,
      "neighborhoods": "West End",
      "highlights": [
        "Women-owned & operated",
        "Minority-owned & operated",
        "Family-owned & operated",
        "Free parking",
        "Outdoor seating",
        "Vegan friendly"
      ],
      "phone": "(404) 228-3190",
      "snippet": "We offer old school custom cakes and pastries at the Lee and White Food Hall in the Westend off the Beltline.",
      "button": {
        "text": "Start Order",
        "link": "https://www.yelp.com/adredir?ad_business_id=D61uA1bA4OJWdlSiqtlL1A&amp;click_origin=search_results_platform&amp;placement=vertical_0&amp;placement_slot=1&amp;redirect_url=https%3A%2F%2Fwww.yelp.com%2Fbiz%2Fsweet-red-peach-atlanta%3Fshow_platform_modal%3DTrue&amp;request_id=62fc8337231a8e9f&amp;signature=3dc29393da132c02f5fa2669d1fbfe6b67df408c38c79438e545d50e5dfff6aa&amp;slot=2"
      },
      "thumbnail": "https://s3-media0.fl.yelpcdn.com/bphoto/27fKYkFElBXpaRvyMocTQQ/348s.jpg"
    },
    {
      "place_ids": [
        "K_K4GVqOfe0zGMgsnG-17Q",
        "heidis-heavenly-cookies-alpharetta"
      ],
      "title": "Heidi’s Heavenly Cookies",
      "link": "https://www.yelp.com/adredir?ad_business_id=K_K4GVqOfe0zGMgsnG-17Q&amp;campaign_id=0mGTJJ932_F9TuBeYVNwPg&amp;click_origin=search_results&amp;placement=vertical_0&amp;placement_slot=1&amp;redirect_url=https%3A%2F%2Fwww.yelp.com%2Fbiz%2Fheidis-heavenly-cookies-alpharetta&amp;request_id=62fc8337231a8e9f&amp;signature=3fbf8666cb315ef2ef1275823d048e68a3ff1785970df582888844c9b0a5d06f&amp;slot=3",
      "reviews_link": "https://serpapi.com/search.json?engine=yelp_reviews&num=50&place_id=K_K4GVqOfe0zGMgsnG-17Q&start=40",
      "categories": [
        {
          "title": "Bakeries",
          "link": "https://www.yelp.com/search?find_desc=Bakeries&amp;find_loc=Atlanta%2C+GA"
        },
        {
          "title": "Desserts",
          "link": "https://www.yelp.com/search?find_desc=Desserts&amp;find_loc=Atlanta%2C+GA"
        }
      ],
      "rating": 4.9,
      "reviews": 56,
      "highlights": [
        "21 years in business",
        "Women-owned & operated",
        "Locally owned & operated"
      ],
      "phone": "(938) 526-2026",
      "snippet": "Y. U. M !!!! Yep, it's just like the name says, \"heavenly\"! We selected the package that comes with most every flavor of cookie on the menu, and each one was unique and delicious.…",
      "button": {
        "text": "View Website",
        "link": "https://www.yelp.com/adredir?ad_business_id=K_K4GVqOfe0zGMgsnG-17Q&amp;campaign_id=0mGTJJ932_F9TuBeYVNwPg&amp;click_origin=search_results_visit_website&amp;placement=vertical_0&amp;placement_slot=1&amp;redirect_url=https%3A%2F%2Fwww.yelp.com%2Fbiz_redir%3Fcachebuster%3D1710172339%26s%3D4cf424fa3c880a18bc1e2a1b2c2d9fa9c807dfd4cf23d3a5f17b45999e1b3dc8%26src_bizid%3DK_K4GVqOfe0zGMgsnG-17Q%26url%3Dhttp%253A%252F%252Fwww.heidisheavenlycookies.com%26website_link_type%3Dwebsite&amp;request_id=62fc8337231a8e9f&amp;signature=476fc711e625ed78e8d8fd4fcddb06ffac31a63fe93d2b99fa52246cf735e6ea&amp;slot=3"
      },
      "thumbnail": "https://s3-media0.fl.yelpcdn.com/bphoto/cYnnONsNFJlyGkcFYnqW1w/348s.jpg"
    },
    {
      "place_ids": [
        "3mHSnXdCFJka0oWWf2uUCg",
        "chilis-atlanta-4"
      ],
      "title": "Chili’s",
      "link": "https://www.yelp.com/adredir?ad_business_id=3mHSnXdCFJka0oWWf2uUCg&amp;campaign_id=iYFuwZ0NyIwFSu9ShdKwbg&amp;click_origin=search_results&amp;placement=vertical_0&amp;placement_slot=1&amp;redirect_url=https%3A%2F%2Fwww.yelp.com%2Fbiz%2Fchilis-atlanta-4&amp;request_id=62fc8337231a8e9f&amp;signature=9c6ede554ecb23f534504a5bd0756246c598ae7818950a7d7a58e4ee2b4c1b89&amp;slot=4",
      "reviews_link": "https://serpapi.com/search.json?engine=yelp_reviews&num=50&place_id=3mHSnXdCFJka0oWWf2uUCg&start=40",
      "categories": [
        {
          "title": "Tex-Mex",
          "link": "https://www.yelp.com/search?find_desc=Tex-Mex&amp;find_loc=Atlanta%2C+GA"
        },
        {
          "title": "American",
          "link": "https://www.yelp.com/search?find_desc=American&amp;find_loc=Atlanta%2C+GA"
        },
        {
          "title": "Bars",
          "link": "https://www.yelp.com/search?find_desc=Bars&amp;find_loc=Atlanta%2C+GA"
        }
      ],
      "reviews": 195,
      "phone": "(404) 325-8680",
      "snippet": "Get your own 3 for Me® for just $10.99 - with a drink, a starter like bottomless chips and salsa, a select full-size entree like the classic Oldtimer® with Cheese, and a big ol' side…",
      "button": {
        "text": "Get Directions",
        "link": "https://www.yelp.com/adredir?ad_business_id=3mHSnXdCFJka0oWWf2uUCg&amp;click_origin=search_results_direction&amp;placement=vertical_0&amp;placement_slot=1&amp;redirect_url=https%3A%2F%2Fwww.yelp.com%2Fmap%2Fchilis-atlanta-4&amp;request_id=62fc8337231a8e9f&amp;signature=c1020e2e6a78376f2cad09ed9032253dbdf2337befbc2e2166f009976dad73b6&amp;slot=4"
      },
      "thumbnail": "https://s3-media0.fl.yelpcdn.com/bphoto/z7QauiZUbH13YbqaF-vvww/ls.jpg"
    },
    {
      "place_ids": [
        "yCjj3MNoKgJxRA1FZ7l4Tw",
        "sweet-red-peach-atlanta-2"
      ],
      "title": "Sweet Red Peach",
      "link": "https://www.yelp.com/adredir?ad_business_id=yCjj3MNoKgJxRA1FZ7l4Tw&amp;campaign_id=zxfi_2KJrEoHJHWPo7IBcQ&amp;click_origin=search_results&amp;placement=vertical_0&amp;placement_slot=1&amp;redirect_url=https%3A%2F%2Fwww.yelp.com%2Fbiz%2Fsweet-red-peach-atlanta-2&amp;request_id=62fc8337231a8e9f&amp;signature=e90cc4a3457d85d542dc1359ba0e25204bc6e589197aef49191241f3331e92ed&amp;slot=5",
      "reviews_link": "https://serpapi.com/search.json?engine=yelp_reviews&num=50&place_id=yCjj3MNoKgJxRA1FZ7l4Tw&start=40",
      "categories": [
        {
          "title": "Cupcakes",
          "link": "https://www.yelp.com/search?find_desc=Cupcakes&amp;find_loc=Atlanta%2C+GA"
        },
        {
          "title": "Bakeries",
          "link": "https://www.yelp.com/search?find_desc=Bakeries&amp;find_loc=Atlanta%2C+GA"
        },
        {
          "title": "Desserts",
          "link": "https://www.yelp.com/search?find_desc=Desserts&amp;find_loc=Atlanta%2C+GA"
        }
      ],
      "neighborhoods": "Downtown",
      "phone": "(404) 963-1802",
      "snippet": "We are located in the heart of Atlanta. We make everything in house using only the finest quality ingredients. From our incredibly tender and flakey pie crust, down to our homemade…",
      "thumbnail": "https://s3-media0.fl.yelpcdn.com/bphoto/VCBrXI_91csa5gsogQ_PdA/348s.jpg"
    },
    {
      "place_ids": [
        "beO5vf5Zs1m7lvVsAUPcJA",
        "good-kitchen-smyrna-2"
      ],
      "title": "Good Kitchen",
      "link": "https://www.yelp.com/adredir?ad_business_id=beO5vf5Zs1m7lvVsAUPcJA&amp;campaign_id=SIaLK9kqwiHA4NS6qY8z5A&amp;click_origin=search_results&amp;placement=vertical_0&amp;placement_slot=1&amp;redirect_url=https%3A%2F%2Fwww.yelp.com%2Fbiz%2Fgood-kitchen-smyrna-2&amp;request_id=62fc8337231a8e9f&amp;signature=25f9ab87ede7367bc3056e4124ec9487b4dbab2b5edb5c301d020a62bdec1533&amp;slot=6",
      "reviews_link": "https://serpapi.com/search.json?engine=yelp_reviews&num=50&place_id=beO5vf5Zs1m7lvVsAUPcJA&start=40",
      "categories": [
        {
          "title": "Sandwiches",
          "link": "https://www.yelp.com/search?find_desc=Sandwiches&amp;find_loc=Atlanta%2C+GA"
        },
        {
          "title": "Coffee & Tea",
          "link": "https://www.yelp.com/search?find_desc=Coffee+%26+Tea&amp;find_loc=Atlanta%2C+GA"
        },
        {
          "title": "Breakfast & Brunch",
          "link": "https://www.yelp.com/search?find_desc=Breakfast+%26+Brunch&amp;find_loc=Atlanta%2C+GA"
        }
      ],
      "rating": 4.6,
      "reviews": 67,
      "highlights": [
        "Family-owned & operated",
        "Free parking",
        "Outdoor seating",
        "Gluten-free friendly",
        "Healthy dining",
        "Vegetarian friendly"
      ],
      "phone": "(678) 653-9129",
      "snippet": "We've got some great coffee deals on weekdays for the rest of October. Stop by and grab a coffee drink with a friend for a BOGO deal or drop by solo to get some work done and get…",
      "thumbnail": "https://s3-media0.fl.yelpcdn.com/bphoto/vtbxQcEFbMu0Ww39aft0zg/348s.jpg"
    },
    {
      "place_ids": [
        "SP7sLOSgnoQ4xYCuEREh2A",
        "desta-ethiopian-kitchen-atlanta-7"
      ],
      "title": "Desta Ethiopian Kitchen",
      "link": "https://www.yelp.com/adredir?ad_business_id=SP7sLOSgnoQ4xYCuEREh2A&amp;campaign_id=SlOjG54dQzvIMsb34l4HEg&amp;click_origin=search_results&amp;placement=vertical_0&amp;placement_slot=1&amp;redirect_url=https%3A%2F%2Fwww.yelp.com%2Fbiz%2Fdesta-ethiopian-kitchen-atlanta-7&amp;request_id=62fc8337231a8e9f&amp;signature=cc1be15c8f101d1425e988ca39833ec63ece08e9b3b1089c5409515315dc7d0e&amp;slot=7",
      "reviews_link": "https://serpapi.com/search.json?engine=yelp_reviews&num=50&place_id=SP7sLOSgnoQ4xYCuEREh2A&start=40",
      "categories": [
        {
          "title": "Desserts",
          "link": "https://www.yelp.com/search?find_desc=Desserts&amp;find_loc=Atlanta%2C+GA"
        },
        {
          "title": "Ethiopian",
          "link": "https://www.yelp.com/search?find_desc=Ethiopian&amp;find_loc=Atlanta%2C+GA"
        },
        {
          "title": "Bars",
          "link": "https://www.yelp.com/search?find_desc=Bars&amp;find_loc=Atlanta%2C+GA"
        }
      ],
      "rating": 4.6,
      "reviews": 119,
      "highlights": [
        "Locally owned & operated",
        "Free parking",
        "Kid friendly",
        "Vegetarian friendly",
        "Casual dining",
        "16 years in business"
      ],
      "phone": "(404) 929-0015",
      "snippet": "We have been to the location up 85 and loved it, so we were excited to see they had opened a location that was much closer to us. I had my usual lamb tibs and had ordered ater gomen…",
      "button": {
        "text": "Start Order",
        "link": "https://www.yelp.com/adredir?ad_business_id=SP7sLOSgnoQ4xYCuEREh2A&amp;click_origin=search_results_platform&amp;placement=vertical_0&amp;placement_slot=1&amp;redirect_url=https%3A%2F%2Fwww.yelp.com%2Fbiz%2Fdesta-ethiopian-kitchen-atlanta-7%3Fshow_platform_modal%3DTrue&amp;request_id=62fc8337231a8e9f&amp;signature=77b4a31c03e7689c3f3702f6038ffaf4e93b69204c6f9e8a98c1208bb076154a&amp;slot=7"
      },
      "thumbnail": "https://s3-media0.fl.yelpcdn.com/bphoto/RzNHNJljo7oFX64BijBSlw/348s.jpg"
    },
    {
      "block_position": "bottom",
      "place_ids": [
        "cu122j6S7nP5lN1YOkzV0A",
        "capital-one-caf%C3%A9-atlanta-2"
      ],
      "title": "Capital One Café",
      "link": "https://www.yelp.com/adredir?ad_business_id=cu122j6S7nP5lN1YOkzV0A&amp;campaign_id=vHXh22Xpi1K159IdkiS43Q&amp;click_origin=search_results&amp;placement=below_search&amp;placement_slot=2&amp;redirect_url=https%3A%2F%2Fwww.yelp.com%2Fbiz%2Fcapital-one-caf%25C3%25A9-atlanta-2&amp;request_id=62fc8337231a8e9f&amp;signature=bd6c707a902b3c43e596334559aa561a0b5e666f073b91fc855c4d8e32ae5404&amp;slot=0",
      "reviews_link": "https://serpapi.com/search.json?engine=yelp_reviews&num=50&place_id=cu122j6S7nP5lN1YOkzV0A&start=40",
      "categories": [
        {
          "title": "Internet Cafes",
          "link": "https://www.yelp.com/search?find_desc=Internet+Cafes&amp;find_loc=Atlanta%2C+GA"
        },
        {
          "title": "Banks & Credit Unions",
          "link": "https://www.yelp.com/search?find_desc=Banks+%26+Credit+Unions&amp;find_loc=Atlanta%2C+GA"
        },
        {
          "title": "Coffee & Tea",
          "link": "https://www.yelp.com/search?find_desc=Coffee+%26+Tea&amp;find_loc=Atlanta%2C+GA"
        }
      ],
      "rating": 4.9,
      "reviews": 14,
      "neighborhoods": "Buckhead",
      "phone": "(470) 408-7957",
      "snippet": "This review is more than well deserved. On Nov.11.2020 my mother and I were visiting this location to pay money on our credit cards and upon walking up there was a young man who…",
      "button": {
        "text": "Get Directions",
        "link": "https://www.yelp.com/adredir?ad_business_id=cu122j6S7nP5lN1YOkzV0A&amp;click_origin=search_results_direction&amp;placement=below_search&amp;placement_slot=2&amp;redirect_url=https%3A%2F%2Fwww.yelp.com%2Fmap%2Fcapital-one-caf%25C3%25A9-atlanta-2&amp;request_id=62fc8337231a8e9f&amp;signature=98c419251d32163da7ef804d61b7765c954067071f21e88e9609bd893df388dc&amp;slot=0"
      },
      "thumbnail": "https://s3-media0.fl.yelpcdn.com/bphoto/MapvGsTC9XzUnRTutwIbzQ/ls.jpg"
    }
  ],
  "organic_results": [
    {
      "position": 41,
      "place_ids": [
        "JLZ8RzxOm-0y6TeVwYszkg",
        "azotea-cantina-atlanta"
      ],
      "title": "Azotea Cantina",
      "link": "https://www.yelp.com/biz/azotea-cantina-atlanta",
      "reviews_link": "https://serpapi.com/search.json?engine=yelp_reviews&num=50&place_id=JLZ8RzxOm-0y6TeVwYszkg&start=40",
      "categories": [
        {
          "title": "Mexican",
          "link": "https://www.yelp.com/search?find_desc=Mexican&amp;find_loc=Atlanta%2C+GA"
        }
      ],
      "price": "$$",
      "rating": 4.0,
      "reviews": 285,
      "neighborhoods": "Atlantic Station",
      "phone": "(404) 902-6040",
      "snippet": "Can you say YUM?! Came here after church &amp; had some delicious food. Everything was seasoned well. The portions were good too. I really liked the chips. They…",
      "thumbnail": "https://s3-media0.fl.yelpcdn.com/bphoto/H08RD-WIYaZrL-YY_YaIIA/348s.jpg"
    },
    {
      "position": 42,
      "place_ids": [
        "NDvXI500LkmWjtOhk4MCZw",
        "lyla-lila-atlanta"
      ],
      "title": "Lyla Lila",
      "link": "https://www.yelp.com/biz/lyla-lila-atlanta",
      "reviews_link": "https://serpapi.com/search.json?engine=yelp_reviews&num=50&place_id=NDvXI500LkmWjtOhk4MCZw&start=40",
      "categories": [
        {
          "title": "Italian",
          "link": "https://www.yelp.com/search?find_desc=Italian&amp;find_loc=Atlanta%2C+GA"
        }
      ],
      "price": "$$$",
      "rating": 4.4,
      "reviews": 250,
      "neighborhoods": "Midtown",
      "phone": "(404) 963-2637",
      "snippet": "We had a party of 2 for dinner at 8 pm on Wednesday, 3/6/24. We were able to get a reservation the week before, probably because it was the middle of the week,…",
      "button": {
        "text": "Start Order"
      },
      "thumbnail": "https://s3-media0.fl.yelpcdn.com/bphoto/Qju8LB4wOwAoX3PxIjD3RA/348s.jpg"
    },
    {
      "position": 43,
      "place_ids": [
        "hmrRb7qX3K705MuxHHfgNA",
        "cafe-intermezzo-midtown-atlanta-3"
      ],
      "title": "Cafe Intermezzo - Midtown",
      "link": "https://www.yelp.com/biz/cafe-intermezzo-midtown-atlanta-3",
      "reviews_link": "https://serpapi.com/search.json?engine=yelp_reviews&num=50&place_id=hmrRb7qX3K705MuxHHfgNA&start=40",
      "categories": [
        {
          "title": "Cafes",
          "link": "https://www.yelp.com/search?find_desc=Cafes&amp;find_loc=Atlanta%2C+GA"
        },
        {
          "title": "Bars",
          "link": "https://www.yelp.com/search?find_desc=Bars&amp;find_loc=Atlanta%2C+GA"
        },
        {
          "title": "Desserts",
          "link": "https://www.yelp.com/search?find_desc=Desserts&amp;find_loc=Atlanta%2C+GA"
        }
      ],
      "price": "$$",
      "rating": 3.8,
      "reviews": 1535,
      "neighborhoods": "Midtown",
      "phone": "(470) 878-3137",
      "snippet": "Coffee and cakes were soooo good! Our breakfast was amazing! Bogi was a great server!",
      "button": {
        "text": "Start Order",
        "link": "https://www.yelp.com/biz/hmrRb7qX3K705MuxHHfgNA?show_platform_modal=True"
      },
      "thumbnail": "https://s3-media0.fl.yelpcdn.com/bphoto/9zuh2IfmOwYmkJPnwgH7rw/348s.jpg"
    },
    {
      "position": 44,
      "place_ids": [
        "9VWaP_2svx5SYdAisNkRYQ",
        "bar-bacoa-atlanta-5"
      ],
      "title": "Bar.bacoa",
      "link": "https://www.yelp.com/biz/bar-bacoa-atlanta-5",
      "reviews_link": "https://serpapi.com/search.json?engine=yelp_reviews&num=50&place_id=9VWaP_2svx5SYdAisNkRYQ&start=40",
      "categories": [
        {
          "title": "Spanish",
          "link": "https://www.yelp.com/search?find_desc=Spanish&amp;find_loc=Atlanta%2C+GA"
        },
        {
          "title": "Tapas Bars",
          "link": "https://www.yelp.com/search?find_desc=Tapas+Bars&amp;find_loc=Atlanta%2C+GA"
        },
        {
          "title": "Tapas/Small Plates",
          "link": "https://www.yelp.com/search?find_desc=Tapas%2FSmall+Plates&amp;find_loc=Atlanta%2C+GA"
        }
      ],
      "price": "$$",
      "rating": 4.5,
      "reviews": 265,
      "neighborhoods": "Virginia Highland",
      "highlights": [
        "Locally owned & operated",
        "Outdoor seating",
        "Free parking",
        "Vegetarian friendly",
        "Full bar",
        "Takes reservations"
      ],
      "phone": "(404) 815-9155",
      "snippet": "Great spot ! Great service ! Haven't had that good of a service in a while Todd was great Cocktail was good Could use a bigger selection of tequila is the…",
      "thumbnail": "https://s3-media0.fl.yelpcdn.com/bphoto/Lz2hgg4-cakEOrqnN0YIcQ/348s.jpg"
    },
    {
      "position": 45,
      "place_ids": [
        "1VAX8KygRWcloSuv5x5o5A",
        "superica-atlanta"
      ],
      "title": "Superica",
      "link": "https://www.yelp.com/biz/superica-atlanta",
      "reviews_link": "https://serpapi.com/search.json?engine=yelp_reviews&num=50&place_id=1VAX8KygRWcloSuv5x5o5A&start=40",
      "categories": [
        {
          "title": "Tex-Mex",
          "link": "https://www.yelp.com/search?find_desc=Tex-Mex&amp;find_loc=Atlanta%2C+GA"
        },
        {
          "title": "Tacos",
          "link": "https://www.yelp.com/search?find_desc=Tacos&amp;find_loc=Atlanta%2C+GA"
        },
        {
          "title": "Breakfast & Brunch",
          "link": "https://www.yelp.com/search?find_desc=Breakfast+%26+Brunch&amp;find_loc=Atlanta%2C+GA"
        }
      ],
      "price": "$$",
      "rating": 4.2,
      "reviews": 1143,
      "neighborhoods": "Inman Park",
      "phone": "(678) 791-1310",
      "snippet": "A good friend f mind recommended this place for brunch while I was visiting town--it was delicious! I had a margarita to get things going, which it did and I…",
      "thumbnail": "https://s3-media0.fl.yelpcdn.com/bphoto/upyvpTLCAUdbtPZRBcRm3Q/348s.jpg"
    },
    {
      "position": 46,
      "place_ids": [
        "HE1l6pB4_y97Rlmf8eJeNA",
        "26-thai-kitchen-and-bar-midtown-atlanta"
      ],
      "title": "26 Thai Kitchen & Bar - Midtown",
      "link": "https://www.yelp.com/biz/26-thai-kitchen-and-bar-midtown-atlanta",
      "reviews_link": "https://serpapi.com/search.json?engine=yelp_reviews&num=50&place_id=HE1l6pB4_y97Rlmf8eJeNA&start=40",
      "categories": [
        {
          "title": "Thai",
          "link": "https://www.yelp.com/search?find_desc=Thai&amp;find_loc=Atlanta%2C+GA"
        },
        {
          "title": "Bars",
          "link": "https://www.yelp.com/search?find_desc=Bars&amp;find_loc=Atlanta%2C+GA"
        }
      ],
      "price": "$$",
      "rating": 4.3,
      "reviews": 448,
      "neighborhoods": "Midtown",
      "phone": "(678) 974-2093",
      "snippet": "This was my first time at 26 Thai. I went for a private event, it was my cousin's graduation. There were 17 of us total. The menu we had was a pre-fixed menu.…",
      "button": {
        "text": "Start Order",
        "link": "https://www.yelp.com/biz/HE1l6pB4_y97Rlmf8eJeNA?show_platform_modal=True"
      },
      "thumbnail": "https://s3-media0.fl.yelpcdn.com/bphoto/MvPQ6TQ1p_z2XoaEkZaQ0Q/348s.jpg"
    },
    {
      "position": 47,
      "place_ids": [
        "qTXYie0Phy8JbuOau4rTmg",
        "aziza-atlanta-2"
      ],
      "title": "Aziza",
      "link": "https://www.yelp.com/biz/aziza-atlanta-2",
      "reviews_link": "https://serpapi.com/search.json?engine=yelp_reviews&num=50&place_id=qTXYie0Phy8JbuOau4rTmg&start=40",
      "categories": [
        {
          "title": "Middle Eastern",
          "link": "https://www.yelp.com/search?find_desc=Middle+Eastern&amp;find_loc=Atlanta%2C+GA"
        }
      ],
      "rating": 4.3,
      "reviews": 168,
      "neighborhoods": "Westside / Home Park",
      "phone": "(404) 968-9437",
      "snippet": "Really enjoyed our meal, probably ordered too much food for the two of us! We ordered the Al'Esh (all the meats, well cooked) as well as hummus and falafel.…",
      "thumbnail": "https://s3-media0.fl.yelpcdn.com/bphoto/s_HI3c3-FnlG-_wV7ZFWeg/348s.jpg"
    },
    {
      "position": 48,
      "place_ids": [
        "5enPbMFK_ZAtoVzlU0dtFg",
        "alma-cocina-buckhead-atlanta"
      ],
      "title": "Alma Cocina Buckhead",
      "link": "https://www.yelp.com/biz/alma-cocina-buckhead-atlanta",
      "reviews_link": "https://serpapi.com/search.json?engine=yelp_reviews&num=50&place_id=5enPbMFK_ZAtoVzlU0dtFg&start=40",
      "categories": [
        {
          "title": "Mexican",
          "link": "https://www.yelp.com/search?find_desc=Mexican&amp;find_loc=Atlanta%2C+GA"
        }
      ],
      "rating": 4.3,
      "reviews": 197,
      "neighborhoods": "Buckhead",
      "phone": "(404) 873-4676",
      "snippet": "It was very quiet in there on a Friday night. We had a 7pm reservation, and there were between 5-7 other parties dining during our 3 hrs there. Parking is…",
      "thumbnail": "https://s3-media0.fl.yelpcdn.com/bphoto/Y9o6KRcNRMzn_T_90S5r0w/348s.jpg"
    },
    {
      "position": 49,
      "place_ids": [
        "4fzjAjzLCnjWfQP1sOHiwA",
        "bones-atlanta-6"
      ],
      "title": "Bones",
      "link": "https://www.yelp.com/biz/bones-atlanta-6",
      "reviews_link": "https://serpapi.com/search.json?engine=yelp_reviews&num=50&place_id=4fzjAjzLCnjWfQP1sOHiwA&start=40",
      "categories": [
        {
          "title": "Steakhouses",
          "link": "https://www.yelp.com/search?find_desc=Steakhouses&amp;find_loc=Atlanta%2C+GA"
        }
      ],
      "price": "$$$$",
      "rating": 4.3,
      "reviews": 1251,
      "neighborhoods": "Buckhead",
      "phone": "(404) 237-2663",
      "snippet": "2023 year end review: My wife and I have been coming here since 2012. I can easily without hesitation say it's our favorite steakhouse in Atlanta. Service is…",
      "thumbnail": "https://s3-media0.fl.yelpcdn.com/bphoto/O6JM4yXGjpS3tfrnjLIcNg/348s.jpg"
    },
    {
      "position": 50,
      "place_ids": [
        "iNpKyGdjCb40PECLpyF-rg",
        "tuza-taco-atlanta"
      ],
      "title": "Tuza Taco",
      "link": "https://www.yelp.com/biz/tuza-taco-atlanta",
      "reviews_link": "https://serpapi.com/search.json?engine=yelp_reviews&num=50&place_id=iNpKyGdjCb40PECLpyF-rg&start=40",
      "categories": [
        {
          "title": "Tacos",
          "link": "https://www.yelp.com/search?find_desc=Tacos&amp;find_loc=Atlanta%2C+GA"
        }
      ],
      "price": "$$",
      "rating": 4.4,
      "reviews": 306,
      "phone": "(404) 343-4088",
      "snippet": "It's a true mystery to me that I have eaten here maybe 10 times and yet never given this restaurant the proper 5-star review. This is my go-to place when I am…",
      "thumbnail": "https://s3-media0.fl.yelpcdn.com/bphoto/KydDwE8L_aTrsq6MDw_kEg/348s.jpg"
    }
  ],
  "pagination": {
    "previous": "https://www.yelp.com/search?find_loc=Atlanta%2C+GA&start=30",
    "next": "https://www.yelp.com/search?find_loc=Atlanta%2C+GA&start=50"
  },
  "serpapi_pagination": {
    "current": null,
    "previous_link": "https://serpapi.com/search.json?engine=yelp&find_loc=Atlanta%2C+GA&start=30",
    "previous": "https://serpapi.com/search.json?engine=yelp&find_loc=Atlanta%2C+GA&start=30",
    "next_link": "https://serpapi.com/search.json?engine=yelp&find_loc=Atlanta%2C+GA&start=50",
    "next": "https://serpapi.com/search.json?engine=yelp&find_loc=Atlanta%2C+GA&start=50"
  }
}