{
  "search_metadata": {
    "id": "65ef26ceaf63041a8be11ad2",
    "status": "Success",
    "json_endpoint": "https://serpapi.com/searches/2b37fcad94f33eaf/65ef26ceaf63041a8be11ad2.json",
    "created_at": "2024-03-11 15:44:14 UTC",
    "processed_at": "2024-03-11 15:44:14 UTC",
    "yelp_url": "https://www.yelp.com/search?find_loc=atlanta%2C+georgia&start=120",
    "raw_html_file": "https://serpapi.com/searches/2b37fcad94f33eaf/65ef26ceaf63041a8be11ad2.html",
    "total_time_taken": 3.89
  },
  "search_parameters": {
    "engine": "yelp",
    "find_loc": "atlanta, georgia",
    "start": 120
  },
  "filters": {
    "price": [
      {
        "text": "$",
        "value": "RestaurantsPriceRange2.1"
      },
      {
        "text": "$$",
        "value": "RestaurantsPriceRange2.2"
      },
      {
        "text": "$$$",
        "value": "RestaurantsPriceRange2.3"
      },
      {
        "text": "$$$$",
        "value": "RestaurantsPriceRange2.4"
      }
    ],
    "distance": [
      {
        "text": "Biking (2 mi.)",
        "value": "g:-84.39920425415039,33.79184514875722,-84.34804916381836,33.834632907576776"
      },
      {
        "text": "Bird's-eye View",
        "value": "g:-84.47593688964844,33.72776616734189,-84.27131652832031,33.89891688437141"
      },
      {
        "text": "Within 4 blocks",
        "value": "g:-84.37682390213013,33.81053176901896,-84.37042951583862,33.81588024116821"
      },
      {
        "text": "Walking (1 mi.)",
        "value": "g:-84.38641548156738,33.80254409475938,-84.36083793640137,33.82393797437476"
      },
      {
        "text": "Driving (5 mi.)",
        "value": "g:-84.4247817993164,33.77030054809328,-84.32247161865234,33.85587620512014"
      }
    ]
  },
  "inline_ads": [
    {
      "place_ids": [
        "jqy4gp-Hysad2AmG_ft8UQ",
        "starbucks-atlanta-89"
      ],
      "title": "Starbucks",
      "link": "https://www.yelp.com/adredir?ad_business_id=jqy4gp-Hysad2AmG_ft8UQ&amp;campaign_id=S8WNTere7rmknyuXC3vb8Q&amp;click_origin=search_results&amp;placement=carousel_0&amp;placement_slot=0&amp;redirect_url=https%3A%2F%2Fwww.yelp.com%2Fbiz%2Fstarbucks-atlanta-89&amp;request_id=1f36624d23cd8bd9&amp;signature=5510b463cb83b1de31e46b68204bdd39470778427253774edb8edcf2169e09d1&amp;slot=0",
      "reviews_link": "https://serpapi.com/search.json?engine=yelp_reviews&num=50&place_id=jqy4gp-Hysad2AmG_ft8UQ&start=120",
      "categories": [
        {
          "title": "Coffee & Tea",
          "link": "https://www.yelp.com/search?find_desc=Coffee+%26+Tea&amp;find_loc=Atlanta%2C+GA"
        },
        {
          "title": "Breakfast & Brunch",
          "link": "https://www.yelp.com/search?find_desc=Breakfast+%26+Brunch&amp;find_loc=Atlanta%2C+GA"
        }
      ],
      "reviews": 77,
      "neighborhoods": "Downtown",
      "thumbnail": "https://s3-media0.fl.yelpcdn.com/bphoto/z8FeWEssMfUHbhby6xBYnw/ls.jpg"
    },
    {
      "place_ids": [
        "nVcZG0faEa5KER8WOjWbXg",
        "vita-bakes-atlanta"
      ],
      "title": "Vita Bakes",
      "link": "https://www.yelp.com/adredir?ad_business_id=nVcZG0faEa5KER8WOjWbXg&amp;campaign_id=U21OFO9QvEEcJvFNFj1FBw&amp;click_origin=search_results&amp;placement=carousel_0&amp;placement_slot=0&amp;redirect_url=https%3A%2F%2Fwww.yelp.com%2Fbiz%2Fvita-bakes-atlanta&amp;request_id=1f36624d23cd8bd9&amp;signature=ac1bd6280885030add8ea5b7af620aafee910e028ce41e985280df21ea3a2114&amp;slot=1",
      "reviews_link": "https://serpapi.com/search.json?engine=yelp_reviews&num=50&place_id=nVcZG0faEa5KER8WOjWbXg&start=120",
      "categories": [
        {
          "title": "Cupcakes",
          "link": "https://www.yelp.com/search?find_desc=Cupcakes&amp;find_loc=Atlanta%2C+GA"
        },
        {
          "title": "Desserts",
          "link": "https://www.yelp.com/search?find_desc=Desserts&amp;find_loc=Atlanta%2C+GA"
        },
        {
          "title": "Custom Cakes",
          "link": "https://www.yelp.com/search?find_desc=Custom+Cakes&amp;find_loc=Atlanta%2C+GA"
        }
      ],
      "reviews": 1,
      "thumbnail": "https://s3-media0.fl.yelpcdn.com/bphoto/zW8tMbSkgAyALB1dPr2aOw/348s.jpg"
    },
    {
      "place_ids": [
        "yCjj3MNoKgJxRA1FZ7l4Tw",
        "sweet-red-peach-atlanta-2"
      ],
      "title": "Sweet Red Peach",
      "link": "https://www.yelp.com/adredir?ad_business_id=yCjj3MNoKgJxRA1FZ7l4Tw&amp;campaign_id=zxfi_2KJrEoHJHWPo7IBcQ&amp;click_origin=search_results&amp;placement=carousel_0&amp;placement_slot=0&amp;redirect_url=https%3A%2F%2Fwww.yelp.com%2Fbiz%2Fsweet-red-peach-atlanta-2&amp;request_id=1f36624d23cd8bd9&amp;signature=fe6e2964000fb76be2f6b76c617a1f1f95274771ed8a7dab1ff5b2fb56b962ba&amp;slot=2",
      "reviews_link": "https://serpapi.com/search.json?engine=yelp_reviews&num=50&place_id=yCjj3MNoKgJxRA1FZ7l4Tw&start=120",
      "categories": [
        {
          "title": "Cupcakes",
          "link": "https://www.yelp.com/search?find_desc=Cupcakes&amp;find_loc=Atlanta%2C+GA"
        },
        {
          "title": "Bakeries",
          "link": "https://www.yelp.com/search?find_desc=Bakeries&amp;find_loc=Atlanta%2C+GA"
        },
        {
          "title": "Desserts",
          "link": "https://www.yelp.com/search?find_desc=Desserts&amp;find_loc=Atlanta%2C+GA"
        }
      ],
      "neighborhoods": "Downtown",
      "thumbnail": "https://s3-media0.fl.yelpcdn.com/bphoto/_ye7Ao7b3jg1_H8XEByzYw/348s.jpg"
    },
    {
      "place_ids": [
        "3mHSnXdCFJka0oWWf2uUCg",
        "chilis-atlanta-4"
      ],
      "title": "Chili’s",
      "link": "https://www.yelp.com/adredir?ad_business_id=3mHSnXdCFJka0oWWf2uUCg&amp;campaign_id=iYFuwZ0NyIwFSu9ShdKwbg&amp;click_origin=search_results&amp;placement=carousel_0&amp;placement_slot=0&amp;redirect_url=https%3A%2F%2Fwww.yelp.com%2Fbiz%2Fchilis-atlanta-4&amp;request_id=1f36624d23cd8bd9&amp;signature=ac08a14e258aa1ba503165d6152805bcedebc79d1d05097dff5c84eaa970c0a8&amp;slot=3",
      "reviews_link": "https://serpapi.com/search.json?engine=yelp_reviews&num=50&place_id=3mHSnXdCFJka0oWWf2uUCg&start=120",
      "categories": [
        {
          "title": "American",
          "link": "https://www.yelp.com/search?find_desc=American&amp;find_loc=Atlanta%2C+GA"
        },
        {
          "title": "Tex-Mex",
          "link": "https://www.yelp.com/search?find_desc=Tex-Mex&amp;find_loc=Atlanta%2C+GA"
        },
        {
          "title": "Bars",
          "link": "https://www.yelp.com/search?find_desc=Bars&amp;find_loc=Atlanta%2C+GA"
        }
      ],
      "reviews": 195,
      "button": {
        "text": "Start Order",
        "link": "https://www.yelp.com/adredir?ad_business_id=3mHSnXdCFJka0oWWf2uUCg&amp;click_origin=search_results_platform&amp;placement=carousel_0&amp;placement_slot=0&amp;redirect_url=https%3A%2F%2Fwww.yelp.com%2Fbiz%2Fchilis-atlanta-4%3Fshow_platform_modal%3DTrue&amp;request_id=1f36624d23cd8bd9&amp;signature=d35b29126351aa0cddc800a845a485359b901cf95bb8d165ecb7c9fab70ca1d0&amp;slot=3"
      },
      "thumbnail": "https://s3-media0.fl.yelpcdn.com/bphoto/z7QauiZUbH13YbqaF-vvww/ls.jpg"
    },
    {
      "place_ids": [
        "cu122j6S7nP5lN1YOkzV0A",
        "capital-one-caf%C3%A9-atlanta-2"
      ],
      "title": "Capital One Café",
      "link": "https://www.yelp.com/adredir?ad_business_id=cu122j6S7nP5lN1YOkzV0A&amp;campaign_id=vHXh22Xpi1K159IdkiS43Q&amp;click_origin=search_results&amp;placement=carousel_0&amp;placement_slot=0&amp;redirect_url=https%3A%2F%2Fwww.yelp.com%2Fbiz%2Fcapital-one-caf%25C3%25A9-atlanta-2&amp;request_id=1f36624d23cd8bd9&amp;signature=d8bec30ed337ea37d51b46e9dde15a2ac3e3903a3fa2107cd9a8c2c37f2f8d94&amp;slot=4",
      "reviews_link": "https://serpapi.com/search.json?engine=yelp_reviews&num=50&place_id=cu122j6S7nP5lN1YOkzV0A&start=120",
      "categories": [
        {
          "title": "Banks & Credit Unions",
          "link": "https://www.yelp.com/search?find_desc=Banks+%26+Credit+Unions&amp;find_loc=Atlanta%2C+GA"
        },
        {
          "title": "Internet Cafes",
          "link": "https://www.yelp.com/search?find_desc=Internet+Cafes&amp;find_loc=Atlanta%2C+GA"
        },
        {
          "title": "Coffee & Tea",
          "link": "https://www.yelp.com/search?find_desc=Coffee+%26+Tea&amp;find_loc=Atlanta%2C+GA"
        }
      ],
      "rating": 4.9,
      "reviews": 14,
      "neighborhoods": "Buckhead",
      "thumbnail": "https://s3-media0.fl.yelpcdn.com/bphoto/MapvGsTC9XzUnRTutwIbzQ/ls.jpg"
    },
    {
      "place_ids": [
        "WHuoeldSOSIlYncy_Ed4zA",
        "bodega-wings-and-phillies-atlanta"
      ],
      "title": "Bodega Wings and Phillies",
      "link": "https://www.yelp.com/adredir?ad_business_id=WHuoeldSOSIlYncy_Ed4zA&amp;campaign_id=otD4-L7QVtiXGSD1N7IfmQ&amp;click_origin=search_results&amp;placement=carousel_0&amp;placement_slot=0&amp;redirect_url=https%3A%2F%2Fwww.yelp.com%2Fbiz%2Fbodega-wings-and-phillies-atlanta&amp;request_id=1f36624d23cd8bd9&amp;signature=d4ca93fb15a7f415b21a39a02088d8c6792d897d2f2e3874462e826da703a5ee&amp;slot=5",
      "reviews_link": "https://serpapi.com/search.json?engine=yelp_reviews&num=50&place_id=WHuoeldSOSIlYncy_Ed4zA&start=120",
      "categories": [
        {
          "title": "Chicken Wings",
          "link": "https://www.yelp.com/search?find_desc=Chicken+Wings&amp;find_loc=Atlanta%2C+GA"
        },
        {
          "title": "Desserts",
          "link": "https://www.yelp.com/search?find_desc=Desserts&amp;find_loc=Atlanta%2C+GA"
        },
        {
          "title": "Sandwiches",
          "link": "https://www.yelp.com/search?find_desc=Sandwiches&amp;find_loc=Atlanta%2C+GA"
        }
      ],
      "rating": 4.0,
      "reviews": 1,
      "neighborhoods": "Lindbergh",
      "highlights": [
        "Locally owned & operated",
        "Minority-owned & operated",
        "Discounts available",
        "Grab-and-go",
        "Kitchen open late",
        "Casual dining"
      ],
      "button": {
        "text": "Start Order",
        "link": "https://www.yelp.com/adredir?ad_business_id=WHuoeldSOSIlYncy_Ed4zA&amp;click_origin=search_results_platform&amp;placement=carousel_0&amp;placement_slot=0&amp;redirect_url=https%3A%2F%2Fwww.yelp.com%2Fbiz%2Fbodega-wings-and-phillies-atlanta%3Fshow_platform_modal%3DTrue&amp;request_id=1f36624d23cd8bd9&amp;signature=51da70ca8ffbe1199308867fd61c15fa4161354ea358242c6de8bd4c8e0254f8&amp;slot=5"
      },
      "thumbnail": "https://s3-media0.fl.yelpcdn.com/bphoto/XBdeV3SCWwDw6DX2Wbcr5Q/348s.jpg"
    }
  ],
  "ads_results": [
    {
      "place_ids": [
        "jqy4gp-Hysad2AmG_ft8UQ",
        "starbucks-atlanta-89"
      ],
      "title": "Starbucks",
      "link": "https://www.yelp.com/adredir?ad_business_id=jqy4gp-Hysad2AmG_ft8UQ&amp;campaign_id=S8WNTere7rmknyuXC3vb8Q&amp;click_origin=search_results&amp;placement=vertical_0&amp;placement_slot=1&amp;redirect_url=https%3A%2F%2Fwww.yelp.com%2Fbiz%2Fstarbucks-atlanta-89&amp;request_id=1f36624d23cd8bd9&amp;signature=05f1aee3fdfe1f31ec34f04e7f7d4bce4a7303d43b4645114533e9bdddda6d13&amp;slot=0",
      "reviews_link": "https://serpapi.com/search.json?engine=yelp_reviews&num=50&place_id=jqy4gp-Hysad2AmG_ft8UQ&start=120",
      "categories": [
        {
          "title": "Coffee & Tea",
          "link": "https://www.yelp.com/search?find_desc=Coffee+%26+Tea&amp;find_loc=Atlanta%2C+GA"
        }
      ],
      "reviews": 77,
      "neighborhoods": "Downtown",
      "phone": "(470) 829-9280",
      "snippet": "Pick up your favorite spring handcrafted beverage or try something new. Order on the Starbucks® app &amp; pick up today.",
      "button": {
        "text": "Get Directions",
        "link": "https://www.yelp.com/adredir?ad_business_id=jqy4gp-Hysad2AmG_ft8UQ&amp;click_origin=search_results_direction&amp;placement=vertical_0&amp;placement_slot=1&amp;redirect_url=https%3A%2F%2Fwww.yelp.com%2Fmap%2Fstarbucks-atlanta-89&amp;request_id=1f36624d23cd8bd9&amp;signature=6f7ca9aac5509026818a7598cee93734d4ccdcb7585cc28a9e52ba66a4f851cc&amp;slot=0"
      },
      "thumbnail": "https://s3-media0.fl.yelpcdn.com/bphoto/z8FeWEssMfUHbhby6xBYnw/ls.jpg"
    },
    {
      "place_ids": [
        "cu122j6S7nP5lN1YOkzV0A",
        "capital-one-caf%C3%A9-atlanta-2"
      ],
      "title": "Capital One Café",
      "link": "https://www.yelp.com/adredir?ad_business_id=cu122j6S7nP5lN1YOkzV0A&amp;campaign_id=vHXh22Xpi1K159IdkiS43Q&amp;click_origin=search_results&amp;placement=vertical_0&amp;placement_slot=1&amp;redirect_url=https%3A%2F%2Fwww.yelp.com%2Fbiz%2Fcapital-one-caf%25C3%25A9-atlanta-2&amp;request_id=1f36624d23cd8bd9&amp;signature=f08d1946934b4328a630546d223b0d3ade87bfd5ea9963b04cf1d4417f46e6d5&amp;slot=1",
      "reviews_link": "https://serpapi.com/search.json?engine=yelp_reviews&num=50&place_id=cu122j6S7nP5lN1YOkzV0A&start=120",
      "categories": [
        {
          "title": "Banks & Credit Unions",
          "link": "https://www.yelp.com/search?find_desc=Banks+%26+Credit+Unions&amp;find_loc=Atlanta%2C+GA"
        },
        {
          "title": "Internet Cafes",
          "link": "https://www.yelp.com/search?find_desc=Internet+Cafes&amp;find_loc=Atlanta%2C+GA"
        },
        {
          "title": "Coffee & Tea",
          "link": "https://www.yelp.com/search?find_desc=Coffee+%26+Tea&amp;find_loc=Atlanta%2C+GA"
        }
      ],
      "rating": 4.9,
      "reviews": 14,
      "neighborhoods": "Buckhead",
      "phone": "(470) 408-7957",
      "snippet": "This review is more than well deserved. On Nov.11.2020 my mother and I were visiting this location to pay money on our credit cards and upon walking up there was a young man who…",
      "button": {
        "text": "Get Directions",
        "link": "https://www.yelp.com/adredir?ad_business_id=cu122j6S7nP5lN1YOkzV0A&amp;click_origin=search_results_direction&amp;placement=vertical_0&amp;placement_slot=1&amp;redirect_url=https%3A%2F%2Fwww.yelp.com%2Fmap%2Fcapital-one-caf%25C3%25A9-atlanta-2&amp;request_id=1f36624d23cd8bd9&amp;signature=a953c231d39d97bf0af76a8a17cfcf4ace34458460118c4c51bc9430691e8fa4&amp;slot=1"
      },
      "thumbnail": "https://s3-media0.fl.yelpcdn.com/bphoto/MapvGsTC9XzUnRTutwIbzQ/ls.jpg"
    },
    {
      "place_ids": [
        "D61uA1bA4OJWdlSiqtlL1A",
        "sweet-red-peach-atlanta"
      ],
      "title": "Sweet Red Peach",
      "link": "https://www.yelp.com/adredir?ad_business_id=D61uA1bA4OJWdlSiqtlL1A&amp;campaign_id=kRtfZxvfc9J4sWuoe9uTMw&amp;click_origin=search_results&amp;placement=vertical_0&amp;placement_slot=1&amp;redirect_url=https%3A%2F%2Fwww.yelp.com%2Fbiz%2Fsweet-red-peach-atlanta&amp;request_id=1f36624d23cd8bd9&amp;signature=154c5f03f9e7226267d51512087b68a37d32f8b2f75d11f14cd326994b450d57&amp;slot=2",
      "reviews_link": "https://serpapi.com/search.json?engine=yelp_reviews&num=50&place_id=D61uA1bA4OJWdlSiqtlL1A&start=120",
      "categories": [
        {
          "title": "Cupcakes",
          "link": "https://www.yelp.com/search?find_desc=Cupcakes&amp;find_loc=Atlanta%2C+GA"
        },
        {
          "title": "Custom Cakes",
          "link": "https://www.yelp.com/search?find_desc=Custom+Cakes&amp;find_loc=Atlanta%2C+GA"
        },
        {
          "title": "Desserts",
          "link": "https://www.yelp.com/search?find_desc=Desserts&amp;find_loc=Atlanta%2C+GA"
        }
      ],
      "rating": 4.0,
      "reviews": 8,
      "neighborhoods": "West End",
      "highlights": [
        "Women-owned & operated",
        "Minority-owned & operated",
        "Family-owned & operated",
        "Free parking",
        "Outdoor seating",
        "Vegan friendly"
      ],
      "phone": "(404) 228-3190",
      "snippet": "We offer old school custom cakes and pastries at the Lee and White Food Hall in the Westend off the Beltline.",
      "button": {
        "text": "Start Order",
        "link": "https://www.yelp.com/adredir?ad_business_id=D61uA1bA4OJWdlSiqtlL1A&amp;click_origin=search_results_platform&amp;placement=vertical_0&amp;placement_slot=1&amp;redirect_url=https%3A%2F%2Fwww.yelp.com%2Fbiz%2Fsweet-red-peach-atlanta%3Fshow_platform_modal%3DTrue&amp;request_id=1f36624d23cd8bd9&amp;signature=d8e7db808aab971968f8ffd6d4a70725c81ac9d37635cfa5a57ddc609d4254a4&amp;slot=2"
      },
      "thumbnail": "https://s3-media0.fl.yelpcdn.com/bphoto/m9OlQDYDFN4ON7-g4lcDmw/348s.jpg"
    },
    {
      "place_ids": [
        "nVcZG0faEa5KER8WOjWbXg",
        "vita-bakes-atlanta"
      ],
      "title": "Vita Bakes",
      "link": "https://www.yelp.com/adredir?ad_business_id=nVcZG0faEa5KER8WOjWbXg&amp;campaign_id=U21OFO9QvEEcJvFNFj1FBw&amp;click_origin=search_results&amp;placement=vertical_0&amp;placement_slot=1&amp;redirect_url=https%3A%2F%2Fwww.yelp.com%2Fbiz%2Fvita-bakes-atlanta&amp;request_id=1f36624d23cd8bd9&amp;signature=b8769e58d62a89295bd838c7c2bcdbe6f7f912d6871a7dcc2c495997d38f71ee&amp;slot=3",
      "reviews_link": "https://serpapi.com/search.json?engine=yelp_reviews&num=50&place_id=nVcZG0faEa5KER8WOjWbXg&start=120",
      "categories": [
        {
          "title": "Desserts",
          "link": "https://www.yelp.com/search?find_desc=Desserts&amp;find_loc=Atlanta%2C+GA"
        },
        {
          "title": "Cupcakes",
          "link": "https://www.yelp.com/search?find_desc=Cupcakes&amp;find_loc=Atlanta%2C+GA"
        },
        {
          "title": "Custom Cakes",
          "link": "https://www.yelp.com/search?find_desc=Custom+Cakes&amp;find_loc=Atlanta%2C+GA"
        }
      ],
      "reviews": 1,
      "phone": "(678) 308-6076",
      "snippet": "Because every cake has a story to tell!! We specialize in Customized Cakes, Cupcakes, Cake pops, Embellished rice crisps, Donuts. We do dessert table too.",
      "thumbnail": "https://s3-media0.fl.yelpcdn.com/bphoto/zW8tMbSkgAyALB1dPr2aOw/348s.jpg"
    },
    {
      "place_ids": [
        "K_K4GVqOfe0zGMgsnG-17Q",
        "heidis-heavenly-cookies-alpharetta"
      ],
      "title": "Heidi’s Heavenly Cookies",
      "link": "https://www.yelp.com/adredir?ad_business_id=K_K4GVqOfe0zGMgsnG-17Q&amp;campaign_id=0mGTJJ932_F9TuBeYVNwPg&amp;click_origin=search_results&amp;placement=vertical_0&amp;placement_slot=1&amp;redirect_url=https%3A%2F%2Fwww.yelp.com%2Fbiz%2Fheidis-heavenly-cookies-alpharetta&amp;request_id=1f36624d23cd8bd9&amp;signature=9b9d5eaeb8529823fcefe0fe79adfdfb08d78b642fb13e91ca7d65d986b12136&amp;slot=4",
      "reviews_link": "https://serpapi.com/search.json?engine=yelp_reviews&num=50&place_id=K_K4GVqOfe0zGMgsnG-17Q&start=120",
      "categories": [
        {
          "title": "Bakeries",
          "link": "https://www.yelp.com/search?find_desc=Bakeries&amp;find_loc=Atlanta%2C+GA"
        },
        {
          "title": "Desserts",
          "link": "https://www.yelp.com/search?find_desc=Desserts&amp;find_loc=Atlanta%2C+GA"
        }
      ],
      "rating": 4.9,
      "reviews": 56,
      "highlights": [
        "21 years in business",
        "Women-owned & operated",
        "Locally owned & operated"
      ],
      "phone": "(938) 526-2026",
      "snippet": "Y. U. M !!!! Yep, it's just like the name says, \"heavenly\"! We selected the package that comes with most every flavor of cookie on the menu, and each one was unique and delicious.…",
      "button": {
        "text": "View Website",
        "link": "https://www.yelp.com/adredir?ad_business_id=K_K4GVqOfe0zGMgsnG-17Q&amp;campaign_id=0mGTJJ932_F9TuBeYVNwPg&amp;click_origin=search_results_visit_website&amp;placement=vertical_0&amp;placement_slot=1&amp;redirect_url=https%3A%2F%2Fwww.yelp.com%2Fbiz_redir%3Fcachebuster%3D1710171856%26s%3D951a13dd39408fff54a602e83f7d37c6ab243bbf22643d435870fe4826b2cfa7%26src_bizid%3DK_K4GVqOfe0zGMgsnG-17Q%26url%3Dhttp%253A%252F%252Fwww.heidisheavenlycookies.com%26website_link_type%3Dwebsite&amp;request_id=1f36624d23cd8bd9&amp;signature=ab51de32521f30528196486bdb80993ef17ec3ef1a3c53f0cc83e429a36e8da9&amp;slot=4"
      },
      "thumbnail": "https://s3-media0.fl.yelpcdn.com/bphoto/aEVNQWNQ5jl_yBIOuLqc8A/348s.jpg"
    },
    {
      "place_ids": [
        "7R5VMjXQV7HB-dDurXzPfA",
        "nothing-bundt-cakes-atlanta"
      ],
      "title": "Nothing Bundt Cakes",
      "link": "https://www.yelp.com/adredir?ad_business_id=7R5VMjXQV7HB-dDurXzPfA&amp;campaign_id=mDTVk-GzOVf8fxDYA5culw&amp;click_origin=search_results&amp;placement=vertical_0&amp;placement_slot=1&amp;redirect_url=https%3A%2F%2Fwww.yelp.com%2Fbiz%2Fnothing-bundt-cakes-atlanta&amp;request_id=1f36624d23cd8bd9&amp;signature=de83db92b807b58d8f308f238696438809f9d25a867a7a50dcb14e1a5dfb31f1&amp;slot=5",
      "reviews_link": "https://serpapi.com/search.json?engine=yelp_reviews&num=50&place_id=7R5VMjXQV7HB-dDurXzPfA&start=120",
      "categories": [
        {
          "title": "Desserts",
          "link": "https://www.yelp.com/search?find_desc=Desserts&amp;find_loc=Atlanta%2C+GA"
        },
        {
          "title": "Cupcakes",
          "link": "https://www.yelp.com/search?find_desc=Cupcakes&amp;find_loc=Atlanta%2C+GA"
        },
        {
          "title": "Bakeries",
          "link": "https://www.yelp.com/search?find_desc=Bakeries&amp;find_loc=Atlanta%2C+GA"
        }
      ],
      "rating": 4.3,
      "reviews": 10,
      "neighborhoods": "Reynoldstown",
      "offer_details": {
        "title": "Slice of Perfection",
        "description": "Treat Yourself to a Bundt Cake Today!"
      },
      "phone": "+1-678-833-5506",
      "button": {
        "text": "See Offer",
        "link": "https://www.yelp.com/adredir?ad_business_id=7R5VMjXQV7HB-dDurXzPfA&amp;campaign_id=mDTVk-GzOVf8fxDYA5culw&amp;click_origin=search_results&amp;placement=vertical_0&amp;placement_slot=1&amp;redirect_url=https%3A%2F%2Fwww.yelp.com%2Fbiz%2Fnothing-bundt-cakes-atlanta%3Foffer_id%3DmDTVk-GzOVf8fxDYA5culw&amp;request_id=1f36624d23cd8bd9&amp;signature=251a8da74c0bf22e5d9a2c81a0eda2316203bedcf1c1b65610a0b8bf1c7f6c44&amp;slot=5&amp;cta_value=See Offer&amp;cta_value=See Offer"
      },
      "thumbnail": "https://s3-media0.fl.yelpcdn.com/offerphoto/gYZjscs-gnKrxO6Zhct2Lw/ls.jpg"
    },
    {
      "place_ids": [
        "PQXQ7oSixbWpHO0kmeZiJA",
        "kings-popcorn-and-treats-atlanta"
      ],
      "title": "Kings Popcorn and Treats",
      "link": "https://www.yelp.com/adredir?ad_business_id=PQXQ7oSixbWpHO0kmeZiJA&amp;campaign_id=pnkUvGHZaY4LfDVK8LgAag&amp;click_origin=search_results&amp;placement=vertical_0&amp;placement_slot=1&amp;redirect_url=https%3A%2F%2Fwww.yelp.com%2Fbiz%2Fkings-popcorn-and-treats-atlanta&amp;request_id=1f36624d23cd8bd9&amp;signature=adc831ac0efe0eb485b9a7ffa429a6b06834e2504f4f49e7befced591917d801&amp;slot=6",
      "reviews_link": "https://serpapi.com/search.json?engine=yelp_reviews&num=50&place_id=PQXQ7oSixbWpHO0kmeZiJA&start=120",
      "categories": [
        {
          "title": "Popcorn Shops",
          "link": "https://www.yelp.com/search?find_desc=Popcorn+Shops&amp;find_loc=Atlanta%2C+GA"
        },
        {
          "title": "Candy Stores",
          "link": "https://www.yelp.com/search?find_desc=Candy+Stores&amp;find_loc=Atlanta%2C+GA"
        },
        {
          "title": "Desserts",
          "link": "https://www.yelp.com/search?find_desc=Desserts&amp;find_loc=Atlanta%2C+GA"
        }
      ],
      "rating": 5.0,
      "reviews": 2,
      "phone": "(404) 593-8656",
      "snippet": "We sell the best gourmet popcorn in the city with 15 custom flavors. We offer cake slice and house made candy, along with the best fried pork skins and they’re made to order.",
      "thumbnail": "https://s3-media0.fl.yelpcdn.com/bphoto/3p_Dv0mgDD7su3HTv0pWbg/348s.jpg"
    },
    {
      "place_ids": [
        "WHuoeldSOSIlYncy_Ed4zA",
        "bodega-wings-and-phillies-atlanta"
      ],
      "title": "Bodega Wings and Phillies",
      "link": "https://www.yelp.com/adredir?ad_business_id=WHuoeldSOSIlYncy_Ed4zA&amp;campaign_id=otD4-L7QVtiXGSD1N7IfmQ&amp;click_origin=search_results&amp;placement=vertical_0&amp;placement_slot=1&amp;redirect_url=https%3A%2F%2Fwww.yelp.com%2Fbiz%2Fbodega-wings-and-phillies-atlanta&amp;request_id=1f36624d23cd8bd9&amp;signature=4d5169142ae2d56e988a661566b434a8cf376a39c1de659e518b90c5102d03af&amp;slot=7",
      "reviews_link": "https://serpapi.com/search.json?engine=yelp_reviews&num=50&place_id=WHuoeldSOSIlYncy_Ed4zA&start=120",
      "categories": [
        {
          "title": "Desserts",
          "link": "https://www.yelp.com/search?find_desc=Desserts&amp;find_loc=Atlanta%2C+GA"
        },
        {
          "title": "Sandwiches",
          "link": "https://www.yelp.com/search?find_desc=Sandwiches&amp;find_loc=Atlanta%2C+GA"
        },
        {
          "title": "Chicken Wings",
          "link": "https://www.yelp.com/search?find_desc=Chicken+Wings&amp;find_loc=Atlanta%2C+GA"
        }
      ],
      "rating": 4.0,
      "reviews": 1,
      "neighborhoods": "Lindbergh",
      "highlights": [
        "Locally owned & operated",
        "Minority-owned & operated",
        "Discounts available",
        "Grab-and-go",
        "Kitchen open late",
        "Casual dining"
      ],
      "phone": "(678) 431-1034",
      "snippet": "Where Phillies, Wings and Desserts Mesh!",
      "button": {
        "text": "Start Order",
        "link": "https://www.yelp.com/adredir?ad_business_id=WHuoeldSOSIlYncy_Ed4zA&amp;click_origin=search_results_platform&amp;placement=vertical_0&amp;placement_slot=1&amp;redirect_url=https%3A%2F%2Fwww.yelp.com%2Fbiz%2Fbodega-wings-and-phillies-atlanta%3Fshow_platform_modal%3DTrue&amp;request_id=1f36624d23cd8bd9&amp;signature=69ccc9bb0c2a0b330ccb5b8b52d9130ad9457ef2fe075fd8a622e36441ef2be7&amp;slot=7"
      },
      "thumbnail": "https://s3-media0.fl.yelpcdn.com/bphoto/ICwrs-M_PB5cseXaRWxvoQ/348s.jpg"
    },
    {
      "block_position": "bottom",
      "place_ids": [
        "3mHSnXdCFJka0oWWf2uUCg",
        "chilis-atlanta-4"
      ],
      "title": "Chili’s",
      "link": "https://www.yelp.com/adredir?ad_business_id=3mHSnXdCFJka0oWWf2uUCg&amp;campaign_id=iYFuwZ0NyIwFSu9ShdKwbg&amp;click_origin=search_results&amp;placement=below_search&amp;placement_slot=2&amp;redirect_url=https%3A%2F%2Fwww.yelp.com%2Fbiz%2Fchilis-atlanta-4&amp;request_id=1f36624d23cd8bd9&amp;signature=3bde53a184413f5c4275c8558de7d67eefe0761c6b1a00404ab51b63f33801cd&amp;slot=0",
      "reviews_link": "https://serpapi.com/search.json?engine=yelp_reviews&num=50&place_id=3mHSnXdCFJka0oWWf2uUCg&start=120",
      "categories": [
        {
          "title": "Bars",
          "link": "https://www.yelp.com/search?find_desc=Bars&amp;find_loc=Atlanta%2C+GA"
        },
        {
          "title": "American",
          "link": "https://www.yelp.com/search?find_desc=American&amp;find_loc=Atlanta%2C+GA"
        },
        {
          "title": "Tex-Mex",
          "link": "https://www.yelp.com/search?find_desc=Tex-Mex&amp;find_loc=Atlanta%2C+GA"
        }
      ],
      "reviews": 195,
      "phone": "(404) 325-8680",
      "snippet": "Get your own 3 for Me® for just $10.99 - with a drink, a starter like bottomless chips and salsa, a select full-size entree like the classic Oldtimer® with Cheese, and a big ol' side…",
      "button": {
        "text": "Get Directions",
        "link": "https://www.yelp.com/adredir?ad_business_id=3mHSnXdCFJka0oWWf2uUCg&amp;click_origin=search_results_direction&amp;placement=below_search&amp;placement_slot=2&amp;redirect_url=https%3A%2F%2Fwww.yelp.com%2Fmap%2Fchilis-atlanta-4&amp;request_id=1f36624d23cd8bd9&amp;signature=9420b77dd67ea32b851a01bdd665bdde26f7581926a9dadccba6f4bce1cc94e9&amp;slot=0"
      },
      "thumbnail": "https://s3-media0.fl.yelpcdn.com/bphoto/z7QauiZUbH13YbqaF-vvww/ls.jpg"
    }
  ],
  "organic_results": [
    {
      "position": 121,
      "place_ids": [
        "ZxaJGBjpbugagOozLYvnPQ",
        "virgils-gullah-kitchen-and-bar-west-midtown-atlanta"
      ],
      "title": "Virgil’s Gullah Kitchen & Bar - West Midtown",
      "link": "https://www.yelp.com/biz/virgils-gullah-kitchen-and-bar-west-midtown-atlanta",
      "reviews_link": "https://serpapi.com/search.json?engine=yelp_reviews&num=50&place_id=ZxaJGBjpbugagOozLYvnPQ&start=120",
      "categories": [
        {
          "title": "Soul Food",
          "link": "https://www.yelp.com/search?find_desc=Soul+Food&amp;find_loc=Atlanta%2C+GA"
        }
      ],
      "price": "$$",
      "rating": 3.8,
      "reviews": 316,
      "phone": "(404) 228-4897",
      "snippet": "*Act I: Welcome to Atlanta (in my best Ludacris voice) Welcome to Atlanta, where the playas play, and Virgil's Gullah Kitchen &amp; Bar dishes out culinary…",
      "thumbnail": "https://s3-media0.fl.yelpcdn.com/bphoto/Y1W-VdF6t6mxP1Gmhc6bDw/348s.jpg"
    },
    {
      "position": 122,
      "place_ids": [
        "QbRAO-ruAACX7jgTdkrKkA",
        "lowcountry-steak-atlanta"
      ],
      "title": "LowCountry Steak",
      "link": "https://www.yelp.com/biz/lowcountry-steak-atlanta",
      "reviews_link": "https://serpapi.com/search.json?engine=yelp_reviews&num=50&place_id=QbRAO-ruAACX7jgTdkrKkA&start=120",
      "categories": [
        {
          "title": "Southern",
          "link": "https://www.yelp.com/search?find_desc=Southern&amp;find_loc=Atlanta%2C+GA"
        },
        {
          "title": "Steakhouses",
          "link": "https://www.yelp.com/search?find_desc=Steakhouses&amp;find_loc=Atlanta%2C+GA"
        }
      ],
      "price": "$$$",
      "rating": 3.9,
      "reviews": 167,
      "neighborhoods": "Midtown",
      "phone": "(770) 213-0830",
      "snippet": "Last night we turned on Diners Drive-ins and Dives before we went to sleep. Just so happened this place popped up. We decide to try it on our last night in…",
      "thumbnail": "https://s3-media0.fl.yelpcdn.com/bphoto/DvXNesctCs8yDbzpuGwHnA/348s.jpg"
    },
    {
      "position": 123,
      "place_ids": [
        "wutVo9ZjFu99HAAY4IGjhw",
        "bon-ton-atlanta"
      ],
      "title": "Bon Ton",
      "link": "https://www.yelp.com/biz/bon-ton-atlanta",
      "reviews_link": "https://serpapi.com/search.json?engine=yelp_reviews&num=50&place_id=wutVo9ZjFu99HAAY4IGjhw&start=120",
      "categories": [
        {
          "title": "Cajun/Creole",
          "link": "https://www.yelp.com/search?find_desc=Cajun%2FCreole&amp;find_loc=Atlanta%2C+GA"
        },
        {
          "title": "Seafood",
          "link": "https://www.yelp.com/search?find_desc=Seafood&amp;find_loc=Atlanta%2C+GA"
        },
        {
          "title": "Tiki Bars",
          "link": "https://www.yelp.com/search?find_desc=Tiki+Bars&amp;find_loc=Atlanta%2C+GA"
        }
      ],
      "price": "$$",
      "rating": 4.1,
      "reviews": 648,
      "neighborhoods": "Midtown",
      "phone": "(404) 996-6177",
      "snippet": "I don't know why I've never written a review for this place. I've been going for years and it's definitely top tier. The dedicated parking lot is a bit small…",
      "thumbnail": "https://s3-media0.fl.yelpcdn.com/bphoto/z7BmU-PN5pAqqPT8bvEGnA/348s.jpg"
    },
    {
      "position": 124,
      "place_ids": [
        "U1UNjsdb4DzPoEnQ4O14pA",
        "botica-atlanta"
      ],
      "title": "Botica",
      "link": "https://www.yelp.com/biz/botica-atlanta",
      "reviews_link": "https://serpapi.com/search.json?engine=yelp_reviews&num=50&place_id=U1UNjsdb4DzPoEnQ4O14pA&start=120",
      "categories": [
        {
          "title": "Mexican",
          "link": "https://www.yelp.com/search?find_desc=Mexican&amp;find_loc=Atlanta%2C+GA"
        },
        {
          "title": "Bars",
          "link": "https://www.yelp.com/search?find_desc=Bars&amp;find_loc=Atlanta%2C+GA"
        }
      ],
      "price": "$$",
      "rating": 4.0,
      "reviews": 295,
      "neighborhoods": "Buckhead",
      "phone": "(404) 228-6358",
      "snippet": "I had the most incredible brunch experience at Botica yesterday around 3pm! As someone who loves going out to eat, I appreciate a great experience. First…",
      "button": {
        "text": "Start Order",
        "link": "https://www.yelp.com/biz/U1UNjsdb4DzPoEnQ4O14pA?show_platform_modal=True"
      },
      "thumbnail": "https://s3-media0.fl.yelpcdn.com/bphoto/x419bE9dpmmTw20dayJcUg/348s.jpg"
    },
    {
      "position": 125,
      "place_ids": [
        "rP5BlDwL9lHL-JK_wTeOlg",
        "osha-thai-sushi-galleria-atlanta-2"
      ],
      "title": "Osha Thai Sushi Galleria",
      "link": "https://www.yelp.com/biz/osha-thai-sushi-galleria-atlanta-2",
      "reviews_link": "https://serpapi.com/search.json?engine=yelp_reviews&num=50&place_id=rP5BlDwL9lHL-JK_wTeOlg&start=120",
      "categories": [
        {
          "title": "Sushi Bars",
          "link": "https://www.yelp.com/search?find_desc=Sushi+Bars&amp;find_loc=Atlanta%2C+GA"
        },
        {
          "title": "Thai",
          "link": "https://www.yelp.com/search?find_desc=Thai&amp;find_loc=Atlanta%2C+GA"
        },
        {
          "title": "Cocktail Bars",
          "link": "https://www.yelp.com/search?find_desc=Cocktail+Bars&amp;find_loc=Atlanta%2C+GA"
        }
      ],
      "rating": 4.2,
      "reviews": 412,
      "neighborhoods": "Buckhead",
      "phone": "(404) 382-8088",
      "snippet": "For one the food is great. I had the yellow tail appetizer (the great wave?) solid 8/10. Would order again. And then I got the tempura roll (salmon and…",
      "button": {
        "text": "Start Order",
        "link": "https://www.yelp.com/biz/rP5BlDwL9lHL-JK_wTeOlg?show_platform_modal=True"
      },
      "thumbnail": "https://s3-media0.fl.yelpcdn.com/bphoto/2X5QLzLPpIqu8mVjMaKU4g/348s.jpg"
    },
    {
      "position": 126,
      "place_ids": [
        "JtIt-VshqofckWkbBG6cRA",
        "louisiana-bistreaux-buckhead-atlanta-2"
      ],
      "title": "Louisiana Bistreaux Buckhead",
      "link": "https://www.yelp.com/biz/louisiana-bistreaux-buckhead-atlanta-2",
      "reviews_link": "https://serpapi.com/search.json?engine=yelp_reviews&num=50&place_id=JtIt-VshqofckWkbBG6cRA&start=120",
      "categories": [
        {
          "title": "Cajun/Creole",
          "link": "https://www.yelp.com/search?find_desc=Cajun%2FCreole&amp;find_loc=Atlanta%2C+GA"
        },
        {
          "title": "Seafood",
          "link": "https://www.yelp.com/search?find_desc=Seafood&amp;find_loc=Atlanta%2C+GA"
        }
      ],
      "price": "$$",
      "rating": 4.1,
      "reviews": 510,
      "neighborhoods": "Buckhead",
      "phone": "(404) 941-9545",
      "snippet": "Food really good , nice service, great environment. Would recommend this location to anyone especially those visiting the Buckhead area!!",
      "button": {
        "text": "Start Order",
        "link": "https://www.yelp.com/biz/JtIt-VshqofckWkbBG6cRA?show_platform_modal=True"
      },
      "thumbnail": "https://s3-media0.fl.yelpcdn.com/bphoto/UZGItBKjiyTYdBxoieun-Q/348s.jpg"
    },
    {
      "position": 127,
      "place_ids": [
        "PkKJhv127iU1-XUdap5efg",
        "sotto-sotto-atlanta-2"
      ],
      "title": "Sotto Sotto",
      "link": "https://www.yelp.com/biz/sotto-sotto-atlanta-2",
      "reviews_link": "https://serpapi.com/search.json?engine=yelp_reviews&num=50&place_id=PkKJhv127iU1-XUdap5efg&start=120",
      "categories": [
        {
          "title": "Italian",
          "link": "https://www.yelp.com/search?find_desc=Italian&amp;find_loc=Atlanta%2C+GA"
        },
        {
          "title": "Wine Bars",
          "link": "https://www.yelp.com/search?find_desc=Wine+Bars&amp;find_loc=Atlanta%2C+GA"
        }
      ],
      "price": "$$$",
      "rating": 4.1,
      "reviews": 785,
      "neighborhoods": "Inman Park",
      "phone": "(404) 523-6678",
      "snippet": "Insalata mista with balsamic was the best salad I have ever had. The paccheri alla calabrese was also great, lots of vegetarian friendly options!",
      "thumbnail": "https://s3-media0.fl.yelpcdn.com/bphoto/GrEQt3KHWJ2oFL-Su_3kZw/348s.jpg"
    },
    {
      "position": 128,
      "place_ids": [
        "ooAWQE5DYHv3rsXrM0IvOg",
        "umi-atlanta"
      ],
      "title": "Umi",
      "link": "https://www.yelp.com/biz/umi-atlanta",
      "reviews_link": "https://serpapi.com/search.json?engine=yelp_reviews&num=50&place_id=ooAWQE5DYHv3rsXrM0IvOg&start=120",
      "categories": [
        {
          "title": "Sushi Bars",
          "link": "https://www.yelp.com/search?find_desc=Sushi+Bars&amp;find_loc=Atlanta%2C+GA"
        }
      ],
      "price": "$$$",
      "rating": 4.2,
      "reviews": 755,
      "neighborhoods": "Buckhead",
      "phone": "(404) 841-0040",
      "snippet": "My goodness! Top tier sushi! The avocado with onions was absolutely- the besttttt avocado i have everrr had. I would come back to order 5 of them &amp; nothing…",
      "thumbnail": "https://s3-media0.fl.yelpcdn.com/bphoto/BBPL-dd6eMrvxj1aHzJCLQ/348s.jpg"
    },
    {
      "position": 129,
      "place_ids": [
        "qS2Gg7_FH8iHFiorOVd7hg",
        "pasta-da-pulcinella-atlanta"
      ],
      "title": "Pasta Da Pulcinella",
      "link": "https://www.yelp.com/biz/pasta-da-pulcinella-atlanta",
      "reviews_link": "https://serpapi.com/search.json?engine=yelp_reviews&num=50&place_id=qS2Gg7_FH8iHFiorOVd7hg&start=120",
      "categories": [
        {
          "title": "Italian",
          "link": "https://www.yelp.com/search?find_desc=Italian&amp;find_loc=Atlanta%2C+GA"
        },
        {
          "title": "Wine Bars",
          "link": "https://www.yelp.com/search?find_desc=Wine+Bars&amp;find_loc=Atlanta%2C+GA"
        },
        {
          "title": "Pasta Shops",
          "link": "https://www.yelp.com/search?find_desc=Pasta+Shops&amp;find_loc=Atlanta%2C+GA"
        }
      ],
      "price": "$$",
      "rating": 4.1,
      "reviews": 889,
      "neighborhoods": "Midtown",
      "phone": "(404) 876-1114",
      "snippet": "My favorite part about Atlanta is this restaurant! Great service and vibes, the upstairs is really cool. Food is some of the best I've ever had. 10/10…",
      "thumbnail": "https://s3-media0.fl.yelpcdn.com/bphoto/dGJg82WtO0Tx9xWFG_pamw/348s.jpg"
    },
    {
      "position": 130,
      "place_ids": [
        "JaLiJqWN38o3px1Gx5_tLg",
        "mushi-ni-atlanta-5"
      ],
      "title": "Mushi Ni",
      "link": "https://www.yelp.com/biz/mushi-ni-atlanta-5",
      "reviews_link": "https://serpapi.com/search.json?engine=yelp_reviews&num=50&place_id=JaLiJqWN38o3px1Gx5_tLg&start=120",
      "categories": [
        {
          "title": "Asian Fusion",
          "link": "https://www.yelp.com/search?find_desc=Asian+Fusion&amp;find_loc=Atlanta%2C+GA"
        },
        {
          "title": "Pop-Up Restaurants",
          "link": "https://www.yelp.com/search?find_desc=Pop-Up+Restaurants&amp;find_loc=Atlanta%2C+GA"
        }
      ],
      "price": "$$",
      "rating": 4.8,
      "reviews": 265,
      "phone": "(404) 405-6005",
      "snippet": "This location is at The Works Westside Food Hall. It's been a pop-up in other locations around the city but same great food. I had never eaten bao buns before…",
      "thumbnail": "https://s3-media0.fl.yelpcdn.com/bphoto/Ry_uG9sDdfe57XP5EAWVmQ/348s.jpg"
    }
  ],
  "pagination": {
    "previous": "https://www.yelp.com/search?find_loc=atlanta%2C+georgia&start=110",
    "next": "https://www.yelp.com/search?find_loc=atlanta%2C+georgia&start=130"
  },
  "serpapi_pagination": {
    "current": null,
    "previous_link": "https://serpapi.com/search.json?engine=yelp&find_loc=atlanta%2C+georgia&start=110",
    "previous": "https://serpapi.com/search.json?engine=yelp&find_loc=atlanta%2C+georgia&start=110",
    "next_link": "https://serpapi.com/search.json?engine=yelp&find_loc=atlanta%2C+georgia&start=130",
    "next": "https://serpapi.com/search.json?engine=yelp&find_loc=atlanta%2C+georgia&start=130"
  }
}